"7R2",2014,"F","33V","01K","Q1012","Q1071"
"8G9",2009,"F","26V","01K","Q1012","Q1071"
"2S2",2014,"F","91V","01K","Q1012","Q1071"
"8G1",2009,"M","51T","01K","Q1012","Q1071"
"0C6",2006,"F","42L","01K","Q1021","Q1071"
"52Z",2005,"F","78I","01K","Q1071","Q1071"
"7D7",2007,"M","78T","02F","Q1050","Q1053"
"7A3",2005,"F","64D","02F","Q1050","Q1053"
"5E9",2008,"F","K04","02F","Q1050","Q1053"
"8F2",2008,"F","42B","02F","Q1050","Q1053"
"0G8",2008,"M","55H","02F","Q1050","Q1053"
"1H1",2009,"F","82A","02F","Q1050","Q1053"
"5J4",2010,"M","Z08","02F","Q1021","Q1053"
"5D9",2007,"F","X17","02F","Q1050","Q1053"
"5B4",2006,"F","55A","02F","Q1056","Q1053"
"91Z",2005,"M","28J","02F","Q1050","Q1053"
"8J7",2010,"M","28J","02F","Q1050","Q1053"
"0K4",2010,"F","43F","02R","Q1050","Q1071"
"8K8",2011,"M","56R","02R","Q1053","Q1071"
"4N7",2012,"M","77S","02R","Q1046","Q1071"
"2I6",2010,"M","0C6","02R","Q1021","Q1071"
"1L9",2011,"M","V80","02R","Q1053","Q1071"
"4N1",2012,"F","90P","02R","Q1021","Q1071"
"1J8",2010,"M","82A","02R","Q1050","Q1071"
"3N9",2012,"M","20S","02R","Q1046","Q1071"
"5J5",2010,"M","V72","02R","Q1053","Q1071"
"6K3",2011,"M","21K","02R","Q1021","Q1071"
"5K8",2011,"M","28G","02R","Q1021","Q1071"
"3L6",2011,"M","20S","02R","Q1046","Q1071"
"I143J4",2014,"F","3J4","02R","Q1083","Q1071"
"1L8",2011,"F","6B4","02R","Q1056","Q1071"
"4Q3",2014,"F","96A","02R","Q1012","Q1071"
"5N1",2012,"F","39Z","02R","Q1053","Q1071"
"3L5",2011,"M","35O","02R","Q1056","Q1071"
"4N6",2012,"F","21K","02R","Q1021","Q1071"
"3L8",2011,"M","55A","02R","Q1056","Q1071"
"I1255A",2012,"F","55A","02R","Q1056","Q1071"
"3N4",2012,"F","3A9","02R","Q1056","Q1071"
"6J9",2010,"M","16S","02R","Q1048","Q1071"
"9I7",2010,"F","55R","02R","Q1056","Q1071"
"3N5",2012,"M","36O","02R","Q1053","Q1071"
"7E3",2008,"F","48V","02R","Q1046","Q1071"
"2H2",2009,"M","35N","02R","Q1050","Q1071"
"7H7",2009,"F","68J","02R","Q1050","Q1071"
"5H4",2009,"F","21V","02R","Q1053","Q1071"
"0P8",2013,"M","4F5","02R","Q1012","Q1071"
"5G5",2009,"M","X97","02R","Q1021","Q1071"
"2H5",2009,"M","43J","02R","Q1050","Q1071"
"1P1",2013,"M","5F7","02R","Q1012","Q1071"
"7H9",2009,"M","0A4","02R","Q1050","Q1071"
"6E6",2008,"M","42V","02R","Q1056","Q1071"
"2H3",2009,"F","28N","02R","Q1021","Q1071"
"9E5",2008,"M","16S","02R","Q1048","Q1071"
"4N5",2012,"F","94S","02R","Q1056","Q1071"
"0H8",2009,"M","X17","02R","Q1050","Q1071"
"I12V80",2012,"F","V80","02R","Q1053","Q1071"
"1R9",2014,"M","4H1","02R","Q1012","Q1071"
"4F0",2008,"F","51T","02R","Q1012","Q1071"
"9O1",2013,"F","7C8","02R","Q1012","Q1071"
"5N0",2012,"F","8E2","02R","Q1056","Q1071"
"7J3",2010,"F","48J","02Z","Q1056","Q1053"
"I1038E",2010,"M","38E","03D","Q1066","Q1083"
"3B1",2006,"F","X91","03D","Q1066","Q1083"
"5F4",2008,"M","35F","03N","Q1012","Q1021"
"0H2",2009,"F","62R","03N","Q1053","Q1021"
"4H3",2009,"F","98V","03N","Q1083","Q1021"
"3G0",2009,"F","75L","03N","Q1012","Q1021"
"1P0",2013,"F","5H4","03N","Q1053","Q1021"
"7F6",2008,"M","91A","03N","Q1012","Q1021"
"I0809Z",2008,"F","09Z","03N","Q1012","Q1021"
"6H4",2009,"M","88R","03N","Q1053","Q1021"
"2J7",2010,"F","62R","03N","Q1053","Q1021"
"0D4",2007,"F","86C","03N","Q1021","Q1021"
"7F3",2008,"F","76L","03N","Q1012","Q1021"
"9D6",2007,"M","67G","03N","Q1050","Q1021"
"8C5",2007,"F","43F","03N","Q1050","Q1021"
"7M7",2012,"M","2B4","03N","Q1083","Q1021"
"1K8",2010,"F","Z82","03T","Q1083","Q1012"
"7I1",2010,"F","55V","04I","Q1021","Q1053"
"8N9",2012,"F","78T","04I","Q1050","Q1053"
"8B4",2006,"F","86C","04I","Q1021","Q1053"
"2E1",2007,"F","01P","04I","Q1021","Q1053"
"I1034N",2010,"F","34N","04I","Q1021","Q1053"
"9D4",2007,"F","64D","04I","Q1050","Q1053"
"0D1",2007,"F","48N","04I","Q1012","Q1053"
"1D2",2007,"F","11I","04I","Q1050","Q1053"
"3K3",2011,"M","52P","04I","Q1050","Q1053"
"I1210S",2012,"F","10S","04I","Q1050","Q1053"
"0R5",2014,"M","60P","04I","Q1050","Q1053"
"0G0",2008,"F","V65","04I","Q1021","Q1053"
"7R5",2014,"F","9H7","04I","Q1021","Q1053"
"9L4",2011,"M","03J","04T","Q1053","Q1012"
"1N6",2012,"M","50I","04T","Q1021","Q1012"
"2L7",2011,"M","29B","04T","Q1053","Q1012"
"2N8",2012,"M","73B","04T","Q1050","Q1012"
"6P4",2013,"F","0I5","04Z","Q1021","Q1083"
"6P7",2013,"F","7H8","04Z","Q1021","Q1083"
"6K0",2011,"M","2E1","04Z","Q1021","Q1083"
"9N0",2012,"F","5D4","04Z","Q1046","Q1083"
"8L5",2011,"M","3A9","04Z","Q1056","Q1083"
"3S0",2014,"F","2H3","04Z","Q1021","Q1083"
"0K7",2010,"F","79Z","05I","Q1021","Q1056"
"6C4",2006,"F","35J","05I","Q1012","Q1056"
"2D0",2007,"M","X37","05I","Q1012","Q1056"
"4B0",2006,"M","35F","05I","Q1012","Q1056"
"4B7",2006,"M","22S","05I","Q1066","Q1056"
"1M9",2012,"M","8F0","05Z","Q1066","Q1053"
"6I5",2010,"F","21K","06O","Q1021","Q1056"
"4N3",2012,"M","5B4","06O","Q1056","Q1056"
"8K4",2011,"F","77S","06O","Q1046","Q1056"
"4G3",2009,"F","01B","06O","Q1021","Q1056"
"4G5",2009,"M","56R","06O","Q1053","Q1056"
"6J0",2010,"F","X17","06O","Q1050","Q1056"
"6N2",2012,"M","0C6","06O","Q1021","Q1056"
"5I3",2010,"M","56R","06O","Q1053","Q1056"
"2G6",2009,"M","62S","06O","Q1046","Q1056"
"3G6",2009,"M","19J","06O","Q1046","Q1056"
"8D5",2007,"F","X97","07D","Q1021","Q1012"
"2L8",2011,"F","17C","07D","Q1050","Q1012"
"54Z",2005,"M","79C","07D","Q1050","Q1012"
"2N7",2012,"M","28N","07D","Q1021","Q1012"
"1A9",2005,"F","04N","07D","Q1050","Q1012"
"1R4",2014,"F","36O","07D","Q1053","Q1012"
"1E5",2007,"M","50I","07D","Q1021","Q1012"
"1E3",2007,"F","71J","07D","Q1021","Q1012"
"8B6",2006,"F","X17","07D","Q1050","Q1012"
"7C6",2007,"F","Z15","07D","Q1050","Q1012"
"4P4",2013,"F","2D1","07D","Q1083","Q1012"
"73Z",2005,"M","30O","07D","Q1050","Q1012"
"9A3",2005,"M","H74","07D","Q1050","Q1012"
"2J4",2010,"M","17C","07D","Q1050","Q1012"
"7A1",2005,"M","F25","07D","Q1050","Q1012"
"1F9",2008,"M","38P","07D","Q1012","Q1012"
"85Z",2005,"F","82H","07D","Q1083","Q1012"
"1A2",2005,"M","50I","07D","Q1021","Q1012"
"3E7",2007,"F","Z11","07D","Q1050","Q1012"
"5H8",2009,"F","17C","07D","Q1050","Q1012"
"5H9",2009,"M","V37","07D","Q1050","Q1012"
"0I3",2009,"M","O52","07D","Q1050","Q1012"
"7B0",2006,"M","57H","07D","Q1021","Q1012"
"8F3",2008,"F","V37","07D","Q1050","Q1012"
"0I2",2009,"M","14I","07D","Q1050","Q1012"
"4C3",2006,"M","K04","07D","Q1050","Q1012"
"1A7",2005,"M","55H","07D","Q1050","Q1012"
"3F2",2008,"M","29B","07D","Q1053","Q1012"
"0A4",2005,"F","62H","07D","Q1050","Q1012"
"4K5",2011,"M","59A","07D","Q1050","Q1012"
"9G3",2009,"F","28J","07D","Q1050","Q1012"
"8F9",2008,"F","14L","07D","Q1050","Q1012"
"2A1",2005,"M","O52","07D","Q1050","Q1012"
"3G5",2009,"M","64D","07D","Q1050","Q1012"
"0G4",2008,"M","57H","07D","Q1021","Q1012"
"4C1",2006,"F","43J","07D","Q1050","Q1012"
"8E3",2008,"F","87K","07D","Q1021","Q1012"
"6F3",2008,"F","75L","07I","Q1012","Q1071"
"6G8",2009,"M","50K","07I","Q1012","Q1071"
"9I6",2010,"F","7B5","07T","Q1053","Q1012"
"I1279C",2012,"F","79C","07T","Q1050","Q1012"
"3C4",2006,"M","62H","08N","Q1050","Q1021"
"5D6",2007,"F","57H","08N","Q1021","Q1021"
"7B6",2006,"M","Z14","08N","Q1050","Q1021"
"8B0",2006,"F","48B","08N","Q1021","Q1021"
"5D7",2007,"M","61J","08N","Q1021","Q1021"
"1C0",2006,"F","V65","08N","Q1021","Q1021"
"0A9",2005,"F","29B","08N","Q1053","Q1021"
"9D1",2007,"M","82L","08N","Q1012","Q1021"
"6C0",2006,"F","82A","08N","Q1050","Q1021"
"0B0",2005,"F","Z08","08N","Q1021","Q1021"
"5C0",2006,"F","43F","08N","Q1050","Q1021"
"7C3",2006,"F","V37","08N","Q1050","Q1021"
"7I9",2010,"M","4C1","08O","Q1050","Q1012"
"6J2",2010,"M","35N","08O","Q1050","Q1012"
"3E1",2007,"M","90S","08O","Q1053","Q1012"
"6D8",2007,"F","20R","08O","Q1012","Q1012"
"4H8",2009,"F","19A","08O","Q1056","Q1012"
"1E9",2007,"M","81B","08O","Q1056","Q1012"
"0H6",2009,"F","73C","08O","Q1056","Q1012"
"2E5",2007,"M","19J","08O","Q1046","Q1012"
"0G3",2008,"F","62S","08O","Q1046","Q1012"
"5D4",2007,"F","77S","08O","Q1046","Q1012"
"1B2",2005,"M","47L","09K","Q1021","Q1021"
"9D9",2007,"F","V65","09K","Q1021","Q1021"
"6D0",2007,"M","42O","09K","Q1050","Q1021"
"1E0",2007,"F","21K","09K","Q1021","Q1021"
"8B7",2006,"F","04O","09K","Q1021","Q1021"
"7B8",2006,"M","61J","09K","Q1021","Q1021"
"5A2",2005,"F","46F","09K","Q1050","Q1021"
"0E0",2007,"F","40L","09K","Q1021","Q1021"
"0D2",2007,"M","44J","09K","Q1021","Q1021"
"3C1",2006,"M","42A","09K","Q1083","Q1021"
"0C1",2006,"M","21C","09K","Q1021","Q1021"
"7D8",2007,"F","47L","09K","Q1021","Q1021"
"3E6",2007,"M","28G","09K","Q1021","Q1021"
"1D5",2007,"M","04O","09K","Q1021","Q1021"
"9D0",2007,"M","46F","09K","Q1050","Q1021"
"0C9",2006,"M","X97","09K","Q1021","Q1021"
"1A4",2005,"F","01B","09K","Q1021","Q1021"
"2A6",2005,"M","S16","09K","Q1021","Q1021"
"2A3",2005,"M","V58","09K","Q1021","Q1021"
"93Z",2005,"F","03J","09K","Q1053","Q1021"
"3F7",2008,"F","75J","09L","Q1056","Q1083"
"7D3",2007,"M","62O","09L","Q1053","Q1083"
"6D1",2007,"M","21G","09L","Q1056","Q1083"
"6D5",2007,"M","48J","09L","Q1056","Q1083"
"4F1",2008,"F","99N","09L","Q1053","Q1083"
"2F1",2008,"M","25P","09L","Q1056","Q1083"
"1C9",2006,"F","O55","09L","Q1056","Q1083"
"1C8",2006,"M","V05","09L","Q1053","Q1083"
"1C7",2006,"F","19A","09L","Q1056","Q1083"
"9C9",2007,"M","53E","09L","Q1056","Q1083"
"72Z",2005,"M","02G","09L","Q1056","Q1083"
"69Z",2005,"M","65A","09L","Q1056","Q1083"
"9C5",2007,"F","55J","09L","Q1056","Q1083"
"6D4",2007,"F","L84","09L","Q1056","Q1083"
"9Q3",2014,"F","28G","0B8","Q1021","Q1012"
"2N1",2012,"M","7B7","0B8","Q1021","Q1012"
"6Q7",2014,"M","82A","0B8","Q1050","Q1012"
"9Q4",2014,"M","64D","0B8","Q1050","Q1012"
"5R7",2014,"F","82L","0B8","Q1012","Q1012"
"7P8",2013,"M","8B0","0B8","Q1021","Q1012"
"6N6",2012,"F","9D4","0B8","Q1050","Q1012"
"7R6",2014,"M","44J","0B8","Q1021","Q1012"
"0O7",2013,"M","44J","0B8","Q1021","Q1012"
"8N4",2012,"F","74S","0B8","Q1053","Q1012"
"3K6",2011,"M","0A9","0B8","Q1053","Q1012"
"1S9",2014,"F","50I","0B8","Q1021","Q1012"
"8P3",2013,"F","6C0","0B8","Q1050","Q1012"
"6Q8",2014,"F","6C0","0B8","Q1050","Q1012"
"4R3",2014,"M","74T","0C7","Q1053","Q1050"
"4P7",2013,"F","37V","0C7","Q1056","Q1050"
"8Q3",2014,"F","82V","0C9","Q1083","Q1021"
"9Q9",2014,"F","8H1","0E3","Q1050","Q1012"
"I1457T",2014,"M","57T","0E8","Q1083","Q1021"
"4Q7",2014,"F","76L","0E8","Q1012","Q1021"
"I144F5",2014,"M","4F5","0E8","Q1012","Q1021"
"5A7",2005,"F","56A","10D","Q1050","Q1083"
"2H4",2009,"F","61A","10D","Q1050","Q1083"
"3A0",2005,"F","43F","10D","Q1050","Q1083"
"9D2",2007,"F","17C","10D","Q1050","Q1083"
"3E5",2007,"F","N12","10D","Q1050","Q1083"
"7H1",2009,"F","59A","10D","Q1050","Q1083"
"5D8",2007,"M","43J","10D","Q1050","Q1083"
"0C7",2006,"M","28J","10D","Q1050","Q1083"
"0E7",2007,"F","Z14","10D","Q1050","Q1083"
"1D6",2007,"M","35N","10D","Q1050","Q1083"
"0A8",2005,"F","71J","10D","Q1021","Q1083"
"5F2",2008,"M","61A","10D","Q1050","Q1083"
"5L3",2011,"M","88N","10R","Q1083","Q1053"
"6I6",2010,"M","80S","10R","Q1056","Q1053"
"4M1",2012,"M","91A","10R","Q1012","Q1053"
"7M3",2012,"M","7A9","10R","Q1083","Q1053"
"7Q9",2014,"M","2B1","10R","Q1083","Q1053"
"9I2",2010,"M","57T","10R","Q1083","Q1053"
"5L8",2011,"F","4C5","10R","Q1071","Q1053"
"3J4",2010,"F","7A9","10R","Q1083","Q1053"
"3P6",2013,"M","7A6","11Z","Q1012","Q1066"
"5R3",2014,"F","9C7","11Z","Q1083","Q1066"
"6G0",2009,"M","54N","11Z","Q1083","Q1066"
"2G8",2009,"F","35B","11Z","Q1012","Q1066"
"4L9",2011,"M","4A5","11Z","Q1012","Q1066"
"1M5",2012,"F","91V","11Z","Q1012","Q1066"
"9G4",2009,"F","03H","11Z","Q1012","Q1066"
"4R1",2014,"F","97R","11Z","Q1083","Q1066"
"9K3",2011,"M","74K","11Z","Q1083","Q1066"
"9P7",2013,"F","93I","11Z","Q1012","Q1066"
"6G6",2009,"F","08Z","11Z","Q1012","Q1066"
"2R3",2014,"M","36D","11Z","Q1083","Q1066"
"2K9",2011,"M","0B4","11Z","Q1012","Q1066"
"7G0",2009,"M","54B","11Z","Q1012","Q1066"
"3M7",2012,"F","4A5","11Z","Q1012","Q1066"
"6P1",2013,"F","89K","11Z","Q1012","Q1066"
"8G6",2009,"M","0A2","11Z","Q1012","Q1066"
"7Q4",2014,"F","1B4","11Z","Q1083","Q1066"
"6G9",2009,"M","61K","11Z","Q1083","Q1066"
"4J8",2010,"F","0A2","11Z","Q1012","Q1066"
"I1095V",2010,"M","95V","11Z","Q1012","Q1066"
"1J0",2010,"M","7A6","11Z","Q1012","Q1066"
"2O2",2013,"M","10C","11Z","Q1083","Q1066"
"0J0",2010,"M","33V","11Z","Q1012","Q1066"
"1M6",2012,"M","53E","11Z","Q1056","Q1066"
"4O0",2013,"F","31V","11Z","Q1012","Q1066"
"4K0",2011,"F","0A2","11Z","Q1012","Q1066"
"6I3",2010,"M","09Z","11Z","Q1012","Q1066"
"9J8",2010,"M","02A","11Z","Q1012","Q1066"
"5Q6",2014,"F","15O","11Z","Q1012","Q1066"
"7M0",2012,"F","0B5","11Z","Q1012","Q1066"
"3I2",2010,"M","4A0","11Z","Q1012","Q1066"
"0K6",2010,"F","15O","11Z","Q1012","Q1066"
"0M6",2012,"F","2C3","11Z","Q1053","Q1066"
"3M5",2012,"F","90V","11Z","Q1012","Q1066"
"5J2",2010,"M","4A5","11Z","Q1012","Q1066"
"7L1",2011,"F","91V","11Z","Q1012","Q1066"
"2Q3",2014,"F","55J","11Z","Q1056","Q1066"
"5M8",2012,"M","93I","11Z","Q1012","Q1066"
"6M5",2012,"M","54N","11Z","Q1083","Q1066"
"8M6",2012,"F","4A9","11Z","Q1083","Q1066"
"I1010Z",2010,"F","10Z","11Z","Q1012","Q1066"
"3M4",2012,"F","89K","11Z","Q1012","Q1066"
"9F2",2008,"F","13B","12E","Q1071","Q1021"
"7N4",2012,"M","13H","12E","Q1071","Q1021"
"5E0",2008,"M","81E","12E","Q1071","Q1021"
"4D1",2007,"M","32G","12E","Q1071","Q1021"
"0M1",2011,"M","13H","12E","Q1071","Q1021"
"9E6",2008,"M","32G","12E","Q1071","Q1021"
"0K0",2010,"F","15E","12E","Q1071","Q1021"
"8N3",2012,"F","15E","12E","Q1071","Q1021"
"2G1",2009,"M","13H","12E","Q1071","Q1021"
"7O7",2013,"M","15E","12E","Q1071","Q1021"
"1I2",2010,"M","13B","12E","Q1071","Q1021"
"1B0",2005,"F","99J","12E","Q1071","Q1021"
"7B3",2006,"M","81E","12E","Q1071","Q1021"
"7K6",2011,"F","30J","12E","Q1071","Q1021"
"0F1",2008,"M","15E","12E","Q1071","Q1021"
"47Z",2005,"F","31G","12E","Q1071","Q1021"
"1G7",2009,"M","30J","12E","Q1071","Q1021"
"4K3",2011,"M","9D8","12E","Q1050","Q1021"
"1I7",2010,"F","13H","12E","Q1071","Q1021"
"9E8",2008,"F","L66","12E","Q1071","Q1021"
"1A6",2005,"M","64P","12O","Q1050","Q1083"
"1D8",2007,"M","89L","12O","Q1083","Q1083"
"9H3",2009,"M","57T","12O","Q1083","Q1083"
"0B7",2005,"F","T84","12O","Q1083","Q1083"
"2D6",2007,"M","82H","12O","Q1083","Q1083"
"2D5",2007,"M","45R","12O","Q1083","Q1083"
"2D8",2007,"M","06A","12O","Q1083","Q1083"
"1D0",2007,"M","36D","12O","Q1083","Q1083"
"2D1",2007,"F","97R","12O","Q1083","Q1083"
"2C5",2006,"F","21H","12O","Q1053","Q1083"
"7F1",2008,"M","06A","12O","Q1083","Q1083"
"3B8",2006,"F","89L","12O","Q1083","Q1083"
"8G3",2009,"M","81I","12O","Q1083","Q1083"
"0D5",2007,"F","X60","12O","Q1083","Q1083"
"70Z",2005,"M","21G","12O","Q1056","Q1083"
"2D7",2007,"M","03S","12O","Q1083","Q1083"
"9R9",2014,"F","78I","12O","Q1071","Q1083"
"I0876K",2008,"M","76K","12O","Q1012","Q1083"
"3H3",2009,"M","T83","12O","Q1083","Q1083"
"2K4",2011,"M","2E4","12O","Q1071","Q1083"
"2B1",2006,"F","82H","12O","Q1083","Q1083"
"2B9",2006,"M","30F","12O","Q1083","Q1083"
"I0835B",2008,"F","35B","12O","Q1012","Q1083"
"9F3",2008,"M","93I","12O","Q1012","Q1083"
"1C6",2006,"M","07A","12O","Q1053","Q1083"
"7D2",2007,"M","T84","12O","Q1083","Q1083"
"5F6",2008,"M","20R","12O","Q1012","Q1083"
"6K7",2011,"F","5C4","12Z","Q1012","Q1056"
"9K5",2011,"M","30F","12Z","Q1083","Q1056"
"1P5",2013,"M","74T","12Z","Q1053","Q1056"
"8N5",2012,"M","8B0","12Z","Q1021","Q1056"
"0L4",2011,"M","16Z","12Z","Q1012","Q1056"
"9N1",2012,"F","04N","12Z","Q1050","Q1056"
"8P2",2013,"F","0A4","12Z","Q1050","Q1056"
"6O0",2013,"F","73B","12Z","Q1050","Q1056"
"6P8",2013,"M","1A3","12Z","Q1021","Q1056"
"0S7",2014,"M","32S","12Z","Q1021","Q1056"
"8K1",2011,"M","6C2","13I","Q1056","Q1021"
"3F4",2008,"F","11L","13I","Q1012","Q1021"
"2F9",2008,"M","V60","13I","Q1012","Q1021"
"0B4",2005,"F","67C","13I","Q1012","Q1021"
"8F8",2008,"F","22S","13I","Q1066","Q1021"
"5F0",2008,"M","07L","13I","Q1066","Q1021"
"2F0",2008,"F","69O","13I","Q1066","Q1021"
"2R4",2014,"M","20S","13I","Q1046","Q1021"
"4B4",2006,"M","K84","13I","Q1012","Q1021"
"2B6",2006,"M","29I","13I","Q1083","Q1021"
"5C1",2006,"M","87F","13I","Q1012","Q1021"
"1D9",2007,"M","11L","13I","Q1012","Q1021"
"7C9",2007,"M","96A","13I","Q1012","Q1021"
"0D9",2007,"M","76K","13I","Q1012","Q1021"
"1L0",2011,"M","81I","13I","Q1083","Q1021"
"4H4",2009,"M","30F","13I","Q1083","Q1021"
"9A7",2005,"M","03H","13I","Q1012","Q1021"
"9J5",2010,"F","4B2","13N","Q1066","Q1053"
"0J6",2010,"F","93I","13N","Q1012","Q1053"
"I0902T",2009,"F","02T","13N","Q1012","Q1053"
"92Z",2005,"F","67G","14A","Q1050","Q1071"
"84Z",2005,"M","48J","14A","Q1056","Q1071"
"3D0",2007,"F","O35","14A","Q1083","Q1071"
"5A5",2005,"F","K00","14A","Q1050","Q1071"
"6H8",2009,"M","0B5","14A","Q1012","Q1071"
"2E9",2007,"F","56R","15N","Q1053","Q1050"
"4C2",2006,"F","00J","15N","Q1053","Q1050"
"8C4",2007,"F","28N","15N","Q1021","Q1050"
"5D2",2007,"M","16S","15N","Q1048","Q1050"
"9B6",2006,"F","01B","15N","Q1021","Q1050"
"5D1",2007,"M","R59","15N","Q1050","Q1050"
"0C8",2006,"F","11I","15N","Q1050","Q1050"
"7B9",2006,"M","99I","15N","Q1050","Q1050"
"6E5",2008,"F","90P","15N","Q1021","Q1050"
"5C9",2006,"F","03J","15N","Q1053","Q1050"
"2E7",2007,"F","35O","15N","Q1056","Q1050"
"2E8",2007,"F","13A","15N","Q1048","Q1050"
"3E0",2007,"M","22H","15N","Q1046","Q1050"
"5D0",2007,"F","76H","15N","Q1046","Q1050"
"0E5",2007,"M","21N","15N","Q1046","Q1050"
"0K2",2010,"F","3C3","16N","Q1021","Q1050"
"7J9",2010,"M","78T","16N","Q1050","Q1050"
"3G2",2009,"F","Z82","16N","Q1083","Q1050"
"5B1",2006,"M","30D","16P","Q1012","Q1066"
"1B5",2006,"M","49K","16P","Q1012","Q1066"
"7O3",2013,"M","24V","16R","Q1053","Q1083"
"3O3",2013,"M","93O","16R","Q1056","Q1083"
"7J4",2010,"F","62O","16R","Q1053","Q1083"
"2L0",2011,"M","3A2","16R","Q1056","Q1083"
"1L1",2011,"F","1C5","16R","Q1056","Q1083"
"0P4",2013,"F","6C2","16R","Q1056","Q1083"
"5H6",2009,"F","5A1","16R","Q1083","Q1083"
"2R9",2014,"F","6C2","16R","Q1056","Q1083"
"0Q0",2013,"F","86Z","16R","Q1053","Q1083"
"1P4",2013,"F","1E2","16R","Q1053","Q1083"
"5Q2",2014,"F","4D8","16R","Q1053","Q1083"
"7G6",2009,"F","4A9","16R","Q1083","Q1083"
"9E7",2008,"M","00V","17K","Q1071","Q1050"
"4I5",2010,"F","8A5","17K","Q1012","Q1050"
"9L7",2011,"F","54N","17K","Q1083","Q1050"
"I125A0",2012,"M","5A0","17K","Q1083","Q1050"
"7J1",2010,"M","77V","17K","Q1012","Q1050"
"0L1",2011,"M","89K","17K","Q1012","Q1050"
"3I5",2010,"M","14Z","17K","Q1066","Q1050"
"3K9",2011,"M","33V","17K","Q1012","Q1050"
"2O6",2013,"F","0F6","17K","Q1012","Q1050"
"3J3",2010,"F","8A3","17K","Q1083","Q1050"
"3E8",2007,"F","14E","17L","Q1071","Q1083"
"1J4",2010,"F","51V","17L","Q1056","Q1083"
"1M8",2012,"M","37V","17L","Q1056","Q1083"
"6L2",2011,"F","1C7","17L","Q1056","Q1083"
"6E1",2008,"M","04O","17L","Q1021","Q1083"
"6H6",2009,"F","0B9","17L","Q1046","Q1083"
"4E2",2008,"M","67G","17L","Q1050","Q1083"
"7C4",2006,"F","13B","17L","Q1071","Q1083"
"9N6",2012,"F","0B6","17L","Q1053","Q1083"
"3M3",2012,"M","4F1","17L","Q1053","Q1083"
"6L0",2011,"F","25P","17T","Q1056","Q1066"
"9L2",2011,"M","74T","17T","Q1053","Q1066"
"7J2",2010,"F","0B6","17T","Q1053","Q1066"
"6J6",2010,"F","86Z","17T","Q1053","Q1066"
"I1245F",2012,"F","45F","17T","Q1056","Q1066"
"6L4",2011,"M","93O","17T","Q1056","Q1066"
"7O6",2013,"F","0F0","17T","Q1071","Q1066"
"3M6",2012,"F","21H","17T","Q1053","Q1066"
"2J0",2010,"M","44V","17T","Q1056","Q1066"
"6J4",2010,"F","36D","18I","Q1083","Q1056"
"6A4",2005,"F","91A","18I","Q1012","Q1056"
"9R3",2014,"M","1G1","18I","Q1071","Q1056"
"7J0",2010,"M","74K","18I","Q1083","Q1056"
"7I4",2010,"F","06A","18I","Q1083","Q1056"
"8P5",2013,"M","4C9","18I","Q1071","Q1056"
"4B8",2006,"F","02A","18I","Q1012","Q1056"
"6A5",2005,"M","77D","18I","Q1012","Q1056"
"1B7",2006,"M","06J","18I","Q1012","Q1056"
"4B6",2006,"F","03H","18I","Q1012","Q1056"
"4L8",2011,"F","2E9","18Z","Q1053","Q1071"
"I142A7",2014,"M","2A7","18Z","Q1021","Q1071"
"5I1",2010,"M","62S","18Z","Q1046","Q1071"
"1S3",2014,"M","8J9","18Z","Q1012","Q1071"
"3J8",2010,"M","X60","19T","Q1083","Q1053"
"5L6",2011,"F","7A8","19T","Q1012","Q1053"
"0J5",2010,"F","55J","19T","Q1056","Q1053"
"3R4",2014,"F","22H","19T","Q1046","Q1053"
"1L6",2011,"F","97R","19T","Q1083","Q1053"
"4H9",2009,"M","48J","19T","Q1056","Q1053"
"0L8",2011,"F","7A9","19T","Q1083","Q1053"
"4Q6",2014,"F","7E3","19T","Q1046","Q1053"
"6M9",2012,"F","5A1","19T","Q1083","Q1053"
"9I9",2010,"M","36O","19T","Q1053","Q1053"
"1M1",2012,"M","2C8","19T","Q1066","Q1053"
"0K9",2010,"F","34B","19T","Q1056","Q1053"
"0J9",2010,"M","30F","19T","Q1083","Q1053"
"8M2",2012,"F","36D","19T","Q1083","Q1053"
"I114B5",2011,"F","4B5","19T","Q1066","Q1053"
"0L9",2011,"F","1B4","19T","Q1083","Q1053"
"6M0",2012,"M","7C8","19T","Q1012","Q1053"
"5M7",2012,"F","60V","19T","Q1012","Q1053"
"I12X91",2012,"F","X91","19T","Q1066","Q1053"
"5L5",2011,"F","2C8","19T","Q1066","Q1053"
"I1051R",2010,"M","51R","19T","Q1083","Q1053"
"9O0",2013,"M","81B","19T","Q1056","Q1053"
"1R2",2014,"M","2C0","19T","Q1046","Q1053"
"9R2",2014,"F","47Z","1A0","Q1071","Q1021"
"9R6",2014,"M","2G4","1A0","Q1071","Q1021"
"9R8",2014,"F","81E","1A0","Q1071","Q1021"
"9R7",2014,"M","1B0","1A0","Q1071","Q1021"
"0S1",2014,"F","3D9","1A0","Q1071","Q1021"
"0S6",2014,"F","9E8","1A0","Q1071","Q1021"
"0S3",2014,"M","53Z","1A0","Q1071","Q1021"
"0O3",2013,"F","1B0","1A0","Q1071","Q1021"
"4O2",2013,"M","52Z","1A0","Q1071","Q1021"
"4O7",2013,"M","47Z","1A0","Q1071","Q1021"
"8O4",2013,"M","1F4","1A6","Q1012","Q1050"
"2O1",2013,"M","09Z","1A6","Q1012","Q1050"
"2O4",2013,"M","2F2","1A6","Q1056","Q1050"
"6R8",2014,"F","14Z","1A6","Q1066","Q1050"
"4M7",2012,"F","85V","1A6","Q1012","Q1050"
"1M4",2012,"F","1E6","1A6","Q1083","Q1050"
"5Q1",2014,"M","4A0","1A6","Q1012","Q1050"
"1O6",2013,"F","07L","1A6","Q1066","Q1050"
"6P6",2013,"F","14Z","1A6","Q1066","Q1050"
"2R6",2014,"M","3B1","1A6","Q1066","Q1050"
"7N9",2012,"F","7D8","1B1","Q1021","Q1053"
"7P9",2013,"F","52P","1B1","Q1050","Q1053"
"3R5",2014,"F","2C7","1B7","Q1053","Q1012"
"4P0",2013,"M","34Z","1C2","Q1021","Q1050"
"1P8",2013,"M","0C8","1C2","Q1050","Q1050"
"I122A5",2012,"M","2A5","1C2","Q1050","Q1050"
"8N6",2012,"F","82A","1C2","Q1050","Q1050"
"1N8",2012,"F","44J","1C2","Q1021","Q1050"
"1Q4",2013,"F","90T","1C6","Q1071","Q1053"
"7O8",2013,"M","51Z","1C6","Q1071","Q1053"
"4O5",2013,"M","4C5","1C6","Q1071","Q1053"
"7O4",2013,"M","5C6","1C6","Q1071","Q1053"
"8R6",2014,"M","85T","1D4","Q1048","Q1021"
"9R5",2014,"M","4C5","1D4","Q1071","Q1021"
"1Q7",2013,"F","1G4","1D4","Q1048","Q1021"
"4Q9",2014,"M","3J3","1D5","Q1083","Q1021"
"2R7",2014,"F","26V","1D5","Q1012","Q1021"
"3R2",2014,"F","2F0","1D5","Q1066","Q1021"
"8P6",2013,"M","16Z","1E5","Q1012","Q1021"
"8Q5",2014,"M","6J4","1F0","Q1083","Q1083"
"4I3",2010,"F","82Z","20J","Q1083","Q1071"
"I106A3",2010,"F","6A3","20J","Q1083","Q1071"
"3C7",2006,"F","73B","20J","Q1050","Q1071"
"9E1",2008,"F","60P","20J","Q1050","Q1071"
"0C5",2006,"M","46F","20J","Q1050","Q1071"
"6C1",2006,"M","44J","20J","Q1021","Q1071"
"9I8",2010,"F","3A2","20J","Q1056","Q1071"
"0J7",2010,"F","85Z","20J","Q1083","Q1071"
"1C2",2006,"M","56A","20J","Q1050","Q1071"
"3I1",2010,"M","5A0","20J","Q1083","Q1071"
"46Z",2005,"M","J41","20J","Q1071","Q1071"
"4D6",2007,"M","01B","20J","Q1021","Q1071"
"6D2",2007,"M","03B","20J","Q1053","Q1071"
"9C0",2007,"F","61A","20J","Q1050","Q1071"
"3I0",2010,"M","1B4","20J","Q1083","Q1071"
"0E3",2007,"M","L19","20J","Q1012","Q1071"
"3I4",2010,"F","2B4","20J","Q1083","Q1071"
"48Z",2005,"M","13B","20J","Q1071","Q1071"
"8I6",2010,"F","97R","20J","Q1083","Q1071"
"9B9",2006,"M","S16","20J","Q1021","Q1071"
"9D3",2007,"F","43I","20J","Q1021","Q1071"
"7B5",2006,"F","29B","20J","Q1053","Q1071"
"8D8",2007,"M","60R","20J","Q1053","Q1071"
"8D9",2007,"F","99I","20J","Q1050","Q1071"
"87Z",2005,"M","04O","20J","Q1021","Q1071"
"7B2",2006,"M","67F","21B","Q1071","Q1056"
"4H5",2009,"M","14Z","21P","Q1066","Q1012"
"8G8",2009,"F","X34","21P","Q1083","Q1012"
"7I5",2010,"M","54B","21P","Q1012","Q1012"
"0D8",2007,"M","K84","21P","Q1012","Q1012"
"5H2",2009,"F","51R","22O","Q1083","Q1048"
"6F9",2008,"M","X60","22O","Q1083","Q1048"
"I0920R",2009,"F","20R","22O","Q1012","Q1048"
"6P0",2013,"M","4H1","22O","Q1012","Q1048"
"3H4",2009,"F","4A5","22O","Q1012","Q1048"
"7G9",2009,"M","97R","22O","Q1083","Q1048"
"6B2",2006,"M","76L","22O","Q1012","Q1048"
"5M3",2012,"F","07L","22O","Q1066","Q1048"
"9F9",2008,"M","30F","22O","Q1083","Q1048"
"8M1",2012,"M","4B2","22O","Q1066","Q1048"
"6M6",2012,"F","3A7","22O","Q1012","Q1048"
"4H7",2009,"F","03S","22O","Q1083","Q1048"
"I131E7",2013,"F","1E7","22O","Q1066","Q1048"
"7M9",2012,"F","09Z","22O","Q1012","Q1048"
"1K7",2010,"F","8B0","22R","Q1021","Q1083"
"4L4",2011,"M","55R","22R","Q1056","Q1083"
"9I5",2010,"F","12T","22R","Q1048","Q1083"
"0H5",2009,"F","55R","22R","Q1056","Q1083"
"9G7",2009,"M","36O","22R","Q1053","Q1083"
"4I9",2010,"F","35O","22R","Q1056","Q1083"
"6I9",2010,"M","43J","22R","Q1050","Q1083"
"0A0",2005,"F","30D","23H","Q1012","Q1021"
"4K6",2011,"M","1C0","23T","Q1021","Q1012"
"8I1",2010,"M","10S","23T","Q1050","Q1012"
"2K8",2011,"M","6C0","23T","Q1050","Q1012"
"5I6",2010,"F","94S","23T","Q1056","Q1012"
"5J1",2010,"M","4C2","23T","Q1053","Q1012"
"4J0",2010,"M","48V","23T","Q1046","Q1012"
"3I6",2010,"M","61A","23T","Q1050","Q1012"
"6A1",2005,"M","H45","25I","Q1012","Q1066"
"99Z",2005,"F","68C","25I","Q1012","Q1066"
"8G0",2009,"M","02A","25I","Q1012","Q1066"
"6A6",2005,"M","76I","25I","Q1012","Q1066"
"4A5",2005,"F","02A","25I","Q1012","Q1066"
"98Z",2005,"M","74B","25I","Q1012","Q1066"
"7G1",2009,"M","39F","25I","Q1012","Q1066"
"7A6",2005,"F","K28","25I","Q1012","Q1066"
"6A8",2005,"M","70K","25I","Q1012","Q1066"
"7A7",2005,"M","39F","25I","Q1012","Q1066"
"2H8",2009,"F","O33","25I","Q1012","Q1066"
"9F0",2008,"M","48N","25I","Q1012","Q1066"
"2B7",2006,"F","70K","25I","Q1012","Q1066"
"2D9",2007,"M","70K","25I","Q1012","Q1066"
"3B6",2006,"F","X37","25I","Q1012","Q1066"
"6B0",2006,"F","37P","25I","Q1012","Q1066"
"3E3",2007,"F","15C","25I","Q1012","Q1066"
"I0870K",2008,"F","70K","25I","Q1012","Q1066"
"3C2",2006,"F","91A","25I","Q1012","Q1066"
"9F6",2008,"F","74B","25I","Q1012","Q1066"
"7C8",2007,"F","03H","25I","Q1012","Q1066"
"8C2",2007,"M","61K","25I","Q1083","Q1066"
"1F4",2008,"F","O33","25I","Q1012","Q1066"
"7F4",2008,"F","X37","25I","Q1012","Q1066"
"3Q4",2014,"F","8A3","25L","Q1083","Q1071"
"7J8",2010,"F","0A9","25L","Q1053","Q1071"
"2J6",2010,"M","44J","25L","Q1021","Q1071"
"9M4",2012,"F","88I","25L","Q1050","Q1071"
"4K8",2011,"M","35N","25L","Q1050","Q1071"
"6N3",2012,"M","68V","25L","Q1050","Q1071"
"8J4",2010,"M","O52","25L","Q1050","Q1071"
"3G7",2009,"M","56A","25L","Q1050","Q1071"
"0N9",2012,"M","43J","25L","Q1050","Q1071"
"2J8",2010,"F","79C","25L","Q1050","Q1071"
"5K5",2011,"M","50I","25L","Q1021","Q1071"
"1N9",2012,"F","64D","25L","Q1050","Q1071"
"2O8",2013,"F","8A3","25L","Q1083","Q1071"
"8E8",2008,"F","43I","25L","Q1021","Q1071"
"4E1",2008,"F","47L","25L","Q1021","Q1071"
"2I1",2010,"M","87K","25L","Q1021","Q1071"
"3Q2",2014,"F","2G8","25L","Q1012","Q1071"
"8E7",2008,"M","20F","25L","Q1021","Q1071"
"7K2",2011,"F","64D","25L","Q1050","Q1071"
"8E5",2008,"F","00J","25L","Q1053","Q1071"
"4F6",2008,"M","46F","25L","Q1050","Q1071"
"7B1",2006,"M","82L","25L","Q1012","Q1071"
"5K1",2011,"F","61J","25L","Q1021","Q1071"
"0G6",2008,"M","14I","25L","Q1050","Q1071"
"4E7",2008,"F","39B","25L","Q1050","Q1071"
"4K9",2011,"M","43J","25L","Q1050","Q1071"
"2L5",2011,"F","29Z","25R","Q1050","Q1012"
"8H1",2009,"F","33Z","25R","Q1050","Q1012"
"2I5",2010,"F","03J","25R","Q1053","Q1012"
"2I9",2010,"M","V36","25R","Q1021","Q1012"
"I1132S",2011,"F","32S","25R","Q1021","Q1012"
"I1046F",2010,"M","46F","25R","Q1050","Q1012"
"5K0",2011,"M","7C3","25R","Q1050","Q1012"
"5G9",2009,"F","99I","25R","Q1050","Q1012"
"5O9",2013,"F","64D","25R","Q1050","Q1012"
"0O0",2013,"M","50I","25R","Q1021","Q1012"
"8P1",2013,"M","82L","25R","Q1012","Q1012"
"1Q0",2013,"M","43F","25R","Q1050","Q1012"
"1O1",2013,"M","40L","25R","Q1021","Q1012"
"4M5",2012,"F","4F5","26P","Q1012","Q1083"
"3D4",2007,"F","51R","26P","Q1083","Q1083"
"0E1",2007,"F","96G","26P","Q1012","Q1083"
"2D3",2007,"M","57T","26P","Q1083","Q1083"
"6M1",2012,"M","4D5","26P","Q1012","Q1083"
"1F2",2008,"M","81I","26P","Q1083","Q1083"
"5G8",2009,"M","82V","26P","Q1083","Q1083"
"4H6",2009,"F","36D","26P","Q1083","Q1083"
"6G2",2009,"M","06A","26P","Q1083","Q1083"
"2O7",2013,"F","6D4","26P","Q1056","Q1083"
"0F9",2008,"M","97R","26P","Q1083","Q1083"
"0M5",2012,"F","0E1","26P","Q1012","Q1083"
"5D5",2007,"F","73C","27E","Q1056","Q1046"
"5D3",2007,"M","36O","27E","Q1053","Q1046"
"6C6",2006,"M","88I","27E","Q1050","Q1046"
"4D9",2007,"M","55A","27E","Q1056","Q1046"
"6E8",2008,"M","V72","27E","Q1053","Q1046"
"1F0",2008,"M","42A","27E","Q1083","Q1046"
"5B8",2006,"M","66I","27J","Q1056","Q1053"
"1H6",2009,"F","67G","27J","Q1050","Q1053"
"2H0",2009,"F","39B","27J","Q1050","Q1053"
"1H3",2009,"F","42B","27J","Q1050","Q1053"
"0J1",2010,"M","02T","27J","Q1012","Q1053"
"8O9",2013,"F","4D8","27J","Q1053","Q1053"
"8H6",2009,"F","42O","27J","Q1050","Q1053"
"1O9",2013,"F","83Z","27J","Q1056","Q1053"
"2M7",2012,"F","6D6","27J","Q1056","Q1053"
"2S5",2014,"M","3A2","27J","Q1056","Q1053"
"4D4",2007,"F","V05","27N","Q1053","Q1012"
"8C3",2007,"M","37D","27N","Q1056","Q1012"
"0H3",2009,"M","11N","27N","Q1053","Q1012"
"8L7",2011,"F","19A","27N","Q1056","Q1012"
"3Q9",2014,"M","76J","27N","Q1053","Q1012"
"3L2",2011,"M","21H","27N","Q1053","Q1012"
"5H5",2009,"M","76J","27N","Q1053","Q1012"
"8L4",2011,"F","0B6","27N","Q1053","Q1012"
"9O7",2013,"F","76J","27N","Q1053","Q1012"
"1S8",2014,"M","2C3","27N","Q1053","Q1012"
"1F8",2008,"M","88R","28B","Q1053","Q1053"
"2C0",2006,"F","19J","28B","Q1046","Q1053"
"6F6",2008,"M","11N","28B","Q1053","Q1053"
"I0569O",2005,"F","69O","28B","Q1066","Q1053"
"8A6",2005,"M","76K","28B","Q1012","Q1053"
"2I7",2010,"M","28N","29F","Q1021","Q1083"
"8A4",2005,"M","T83","29F","Q1083","Q1083"
"9E2",2008,"M","V36","29F","Q1021","Q1083"
"71Z",2005,"F","53E","29F","Q1056","Q1083"
"5G1",2009,"F","V36","29F","Q1021","Q1083"
"1E8",2007,"F","93I","29F","Q1012","Q1083"
"7G7",2009,"F","96A","29H","Q1012","Q1012"
"8A1",2005,"M","11L","29H","Q1012","Q1012"
"8A3",2005,"F","71G","29H","Q1083","Q1012"
"9C6",2007,"M","54N","29H","Q1083","Q1012"
"4A8",2005,"F","76L","29H","Q1012","Q1012"
"5K4",2011,"F","3E2","29H","Q1050","Q1012"
"4B1",2006,"F","39F","29H","Q1012","Q1012"
"1B6",2006,"F","76K","29H","Q1012","Q1012"
"6A3",2005,"F","91K","29H","Q1083","Q1012"
"8G5",2009,"M","77D","29H","Q1012","Q1012"
"4P2",2013,"F","3E2","29V","Q1050","Q1012"
"1N3",2012,"M","6C0","29V","Q1050","Q1012"
"2L3",2011,"M","9A4","29V","Q1050","Q1012"
"5M1",2012,"F","7A6","2C6","Q1012","Q1053"
"7Q7",2014,"F","3B8","2C6","Q1083","Q1053"
"0Q6",2013,"F","7G6","2C6","Q1083","Q1053"
"5L9",2011,"M","4D8","2C6","Q1053","Q1053"
"9O9",2013,"M","5A0","2C6","Q1083","Q1053"
"8Q0",2014,"M","0I7","2C6","Q1083","Q1053"
"2Q0",2014,"F","8H7","2C9","Q1048","Q1066"
"3P2",2013,"M","2E8","2C9","Q1048","Q1066"
"1Q8",2013,"M","0B9","2C9","Q1046","Q1066"
"5P6",2013,"F","5B6","2C9","Q1046","Q1066"
"1Q3",2013,"F","39Z","2C9","Q1053","Q1066"
"3R6",2014,"M","44V","2D0","Q1056","Q1012"
"6P9",2013,"M","6F2","2D7","Q1050","Q1083"
"8O1",2013,"M","81I","2D7","Q1083","Q1083"
"9P6",2013,"M","7E0","2F8","Q1053","Q1012"
"8R7",2014,"F","5E8","2F9","Q1071","Q1012"
"0S8",2014,"F","56E","42T","Q1050","Q1012"
"7O2",2013,"M","2E1","42T","Q1021","Q1012"
"8H0",2009,"M","21C","43H","Q1021","Q1083"
"7E7",2008,"M","55R","43H","Q1056","Q1083"
"7E9",2008,"M","21K","43H","Q1021","Q1083"
"64Z",2005,"M","66I","43H","Q1056","Q1083"
"4A7",2005,"M","74N","43H","Q1012","Q1083"
"2D4",2007,"F","T83","43H","Q1083","Q1083"
"5B3",2006,"F","S70","43H","Q1048","Q1083"
"3D3",2007,"M","N16","43H","Q1083","Q1083"
"6B4",2006,"F","73C","43H","Q1056","Q1083"
"8O8",2013,"M","20S","43N","Q1046","Q1083"
"0K3",2010,"M","5B6","43N","Q1046","Q1083"
"3Q5",2014,"M","55R","43N","Q1056","Q1083"
"3R3",2014,"F","77S","43N","Q1046","Q1083"
"7R1",2014,"F","48V","43N","Q1046","Q1083"
"0Q4",2013,"M","55R","43N","Q1056","Q1083"
"8J1",2010,"M","98T","43N","Q1050","Q1083"
"6R4",2014,"F","73C","43N","Q1056","Q1083"
"0Q9",2013,"M","21N","43N","Q1046","Q1083"
"I137E3",2013,"M","7E3","43N","Q1046","Q1083"
"9C4",2007,"M","Z82","43N","Q1083","Q1083"
"2F8",2008,"M","08Z","43N","Q1012","Q1083"
"6I0",2010,"M","V80","43N","Q1053","Q1083"
"7P2",2013,"M","77S","43N","Q1046","Q1083"
"4S3",2014,"F","5B6","43N","Q1046","Q1083"
"5J0",2010,"M","57H","43P","Q1021","Q1050"
"3S6",2014,"F","34N","43P","Q1021","Q1050"
"8I3",2010,"M","50I","43P","Q1021","Q1050"
"9H7",2009,"F","50I","43P","Q1021","Q1050"
"2N0",2012,"M","79Z","43P","Q1021","Q1050"
"3K8",2011,"F","10S","43P","Q1050","Q1050"
"I1214L",2012,"F","14L","43P","Q1050","Q1050"
"7H0",2009,"M","9A4","43P","Q1050","Q1050"
"2I8",2010,"F","7C3","43P","Q1050","Q1050"
"7I0",2010,"M","74S","43P","Q1053","Q1050"
"0I4",2009,"F","44J","43P","Q1021","Q1050"
"5O6",2013,"M","34N","43P","Q1021","Q1050"
"4S6",2014,"M","0G5","43P","Q1050","Q1050"
"7K3",2011,"M","34N","43P","Q1021","Q1050"
"8R0",2014,"M","0I5","43P","Q1021","Q1050"
"I0930O",2009,"F","30O","43P","Q1050","Q1050"
"5E2",2008,"M","44J","43P","Q1021","Q1050"
"6P2",2013,"M","57H","43P","Q1021","Q1050"
"6Q9",2014,"M","0A4","43P","Q1050","Q1050"
"3K4",2011,"M","28N","43P","Q1021","Q1050"
"4K2",2011,"M","28J","43P","Q1050","Q1050"
"9J0",2010,"F","9A4","43P","Q1050","Q1050"
"0Q5",2013,"F","2C4","43P","Q1056","Q1050"
"5J9",2010,"F","2A2","43P","Q1050","Q1050"
"1L3",2011,"M","56A","43P","Q1050","Q1050"
"4S1",2014,"F","20F","43P","Q1021","Q1050"
"1L4",2011,"F","40L","43P","Q1021","Q1050"
"0G7",2008,"F","Z08","43P","Q1021","Q1050"
"8E9",2008,"M","50I","43P","Q1021","Q1050"
"6R2",2014,"M","79Z","43P","Q1021","Q1050"
"6Q0",2014,"F","57H","43P","Q1021","Q1050"
"5E7",2008,"F","34N","43P","Q1021","Q1050"
"4E9",2008,"M","64D","43P","Q1050","Q1050"
"1H4",2009,"M","10S","43P","Q1050","Q1050"
"6E2",2008,"F","61J","43P","Q1021","Q1050"
"7G4",2009,"F","K84","43R","Q1012","Q1066"
"2H6",2009,"M","68C","43R","Q1012","Q1066"
"4H2",2009,"M","40V","43R","Q1012","Q1066"
"8H2",2009,"M","91V","43R","Q1012","Q1066"
"6G4",2009,"M","35F","43R","Q1012","Q1066"
"I0906J",2009,"F","06J","43R","Q1012","Q1066"
"3F8",2008,"F","03H","43R","Q1012","Q1066"
"6G5",2009,"M","60V","43R","Q1012","Q1066"
"2F4",2008,"F","33V","43R","Q1012","Q1066"
"9H6",2009,"F","70T","43T","Q1083","Q1083"
"5P1",2013,"F","5H6","43V","Q1083","Q1056"
"6O6",2013,"M","3B8","43V","Q1083","Q1056"
"1S2",2014,"F","40L","43V","Q1021","Q1056"
"4P3",2013,"F","1B4","43V","Q1083","Q1056"
"4O1",2013,"M","62R","43V","Q1053","Q1056"
"3S1",2014,"F","7J8","43V","Q1053","Q1056"
"I1281B",2012,"F","81B","30C","Q1056","Q1083"
"74Z",2005,"M","R75","30C","Q1053","Q1083"
"86Z",2005,"F","58H","30G","Q1053","Q1083"
"9H0",2009,"F","99N","30G","Q1053","Q1083"
"4L2",2011,"M","69O","30G","Q1066","Q1083"
"7F7",2008,"F","X28","30G","Q1012","Q1083"
"9B4",2006,"M","55J","30G","Q1056","Q1083"
"67Z",2005,"M","21H","30G","Q1053","Q1083"
"2L9",2011,"F","57H","30L","Q1021","Q1071"
"9M1",2012,"F","82L","30L","Q1012","Q1071"
"3K2",2011,"F","2A2","30L","Q1050","Q1071"
"6N9",2012,"M","5C0","30L","Q1050","Q1071"
"7H6",2009,"M","46F","30L","Q1050","Q1071"
"3K0",2011,"M","50S","30L","Q1021","Q1071"
"8H8",2009,"F","36Z","30L","Q1053","Q1071"
"3F1",2008,"F","88I","30L","Q1050","Q1071"
"9E3",2008,"M","56E","30L","Q1050","Q1071"
"7H8",2009,"F","20F","30L","Q1021","Q1071"
"6L6",2011,"M","4C1","30L","Q1050","Q1071"
"1H8",2009,"M","62V","30L","Q1053","Q1071"
"8J5",2010,"M","64P","30L","Q1050","Q1071"
"7H4",2009,"F","00J","30L","Q1053","Q1071"
"3K5",2011,"M","60P","30L","Q1050","Q1071"
"1P7",2013,"M","2B1","30L","Q1083","Q1071"
"I1252P",2012,"F","52P","30L","Q1050","Q1071"
"1G4",2009,"F","85T","30S","Q1048","Q1071"
"1G6",2009,"F","52Z","30S","Q1071","Q1071"
"3H1",2009,"F","20C","30S","Q1071","Q1071"
"1G9",2009,"M","15E","30S","Q1071","Q1071"
"2G0",2009,"M","45Z","30S","Q1071","Q1071"
"2G4",2009,"F","00V","30S","Q1071","Q1071"
"8L1",2011,"F","0B9","30V","Q1046","Q1012"
"I1221N",2012,"F","21N","30V","Q1046","Q1012"
"3N2",2012,"M","55R","30V","Q1056","Q1012"
"2Q5",2014,"F","03Z","30V","Q1056","Q1012"
"4N2",2012,"F","2E8","30V","Q1048","Q1012"
"3N7",2012,"M","1A4","30V","Q1021","Q1012"
"0Q7",2013,"F","3A9","30V","Q1056","Q1012"
"I123A2",2012,"F","3A2","30V","Q1056","Q1012"
"4N8",2012,"M","2C0","30V","Q1046","Q1012"
"3P4",2013,"M","65Z","30V","Q1056","Q1012"
"2S8",2014,"F","39Z","30V","Q1053","Q1012"
"0P3",2013,"F","85V","30Z","Q1012","Q1021"
"9J4",2010,"F","48N","30Z","Q1012","Q1021"
"6L8",2011,"M","70T","30Z","Q1083","Q1021"
"I13X83",2013,"M","X83","30Z","Q1012","Q1021"
"5M9",2012,"F","26V","30Z","Q1012","Q1021"
"7M6",2012,"F","16Z","30Z","Q1012","Q1021"
"1M3",2012,"M","14Z","30Z","Q1066","Q1021"
"8K9",2011,"M","90V","30Z","Q1012","Q1021"
"0P6",2013,"M","4A5","30Z","Q1012","Q1021"
"5J7",2010,"M","64D","31I","Q1050","Q1012"
"8A7",2005,"M","46K","31I","Q1012","Q1012"
"8H7",2009,"F","12T","31S","Q1048","Q1012"
"3O9",2013,"M","6D8","31S","Q1012","Q1012"
"I117B7",2011,"M","7B7","31S","Q1021","Q1012"
"6H9",2009,"M","03Z","31S","Q1056","Q1012"
"7H3",2009,"M","64R","31S","Q1056","Q1012"
"2N4",2012,"M","7D6","32Z","Q1021","Q1021"
"7I2",2010,"M","56E","33T","Q1050","Q1012"
"3L1",2011,"M","92D","33T","Q1050","Q1012"
"7O0",2013,"F","90P","33T","Q1021","Q1012"
"3L0",2011,"M","5C0","33T","Q1050","Q1012"
"7P5",2013,"M","16S","34P","Q1048","Q1050"
"1H5",2009,"F","68V","34P","Q1050","Q1050"
"4G6",2009,"M","42L","34P","Q1021","Q1050"
"8M8",2012,"F","0A4","35V","Q1050","Q1012"
"5K6",2011,"M","7D8","35V","Q1021","Q1012"
"8O2",2013,"F","6C5","35V","Q1021","Q1012"
"8P4",2013,"F","4C1","35V","Q1050","Q1012"
"2P6",2013,"M","60P","35V","Q1050","Q1012"
"4P1",2013,"M","43J","35V","Q1050","Q1012"
"6N5",2012,"F","60P","35V","Q1050","Q1012"
"3P0",2013,"M","0A9","35V","Q1053","Q1012"
"1D4",2007,"M","20F","36S","Q1021","Q1050"
"8E6",2008,"M","30O","36S","Q1050","Q1050"
"9N8",2012,"M","20F","36S","Q1021","Q1050"
"8J8",2010,"F","59A","36S","Q1050","Q1050"
"2L4",2011,"F","44J","36S","Q1021","Q1050"
"9D7",2007,"M","00J","36S","Q1053","Q1050"
"4F3",2008,"M","79C","36S","Q1050","Q1050"
"0I5",2009,"F","90D","36S","Q1021","Q1050"
"5H7",2009,"M","2A5","36S","Q1050","Q1050"
"2O5",2013,"M","2C3","36S","Q1053","Q1050"
"4G1",2009,"M","63V","36S","Q1021","Q1050"
"4E3",2008,"M","42O","36S","Q1050","Q1050"
"0I6",2009,"F","92D","36S","Q1050","Q1050"
"4E5",2008,"M","40L","36S","Q1021","Q1050"
"6F2",2008,"F","73B","36S","Q1050","Q1050"
"5I5",2010,"M","30O","36S","Q1050","Q1050"
"1J6",2010,"F","40L","36S","Q1021","Q1050"
"4P9",2013,"F","4A9","36S","Q1083","Q1050"
"0K5",2010,"M","52P","36S","Q1050","Q1050"
"9E4",2008,"M","62H","36S","Q1050","Q1050"
"8I0",2010,"M","62H","36S","Q1050","Q1050"
"1K6",2010,"M","20F","36S","Q1021","Q1050"
"5E1",2008,"M","90D","36S","Q1021","Q1050"
"9M3",2012,"F","57H","36S","Q1021","Q1050"
"2J3",2010,"M","61J","36S","Q1021","Q1050"
"9M2",2012,"M","34N","36S","Q1021","Q1050"
"5K7",2011,"F","73B","36S","Q1050","Q1050"
"3K1",2011,"M","14L","36S","Q1050","Q1050"
"9L8",2011,"M","63V","36T","Q1021","Q1012"
"1K4",2010,"F","81B","36T","Q1056","Q1012"
"9O2",2013,"M","7F0","36T","Q1056","Q1012"
"1K3",2010,"F","1A4","36T","Q1021","Q1012"
"4Q0",2014,"F","6B4","36V","Q1056","Q1012"
"1R6",2014,"M","0B9","36V","Q1046","Q1012"
"5M0",2012,"M","51V","36V","Q1056","Q1012"
"0M9",2012,"M","2D4","36V","Q1083","Q1012"
"2N9",2012,"M","98V","36V","Q1083","Q1012"
"4N9",2012,"M","86Z","36V","Q1053","Q1012"
"5R8",2014,"M","2E8","36V","Q1048","Q1012"
"5Q3",2014,"M","2J5","37N","Q1066","Q1050"
"2F5",2008,"F","35R","37N","Q1012","Q1050"
"9B1",2006,"F","90D","37N","Q1021","Q1050"
"1E6",2007,"F","29I","37N","Q1083","Q1050"
"7C2",2006,"F","55H","37N","Q1050","Q1050"
"2F3",2008,"F","36D","38L","Q1083","Q1056"
"0E6",2007,"F","91K","38L","Q1083","Q1056"
"1F7",2008,"M","77D","38L","Q1012","Q1056"
"9K1",2011,"F","2D1","39L","Q1083","Q1021"
"2J5",2010,"F","3B1","39L","Q1066","Q1021"
"2G9",2009,"M","4A0","39L","Q1012","Q1021"
"6O5",2013,"M","0I7","39L","Q1083","Q1021"
"2P1",2013,"M","87F","3A6","Q1012","Q1066"
"2R2",2014,"M","5C4","3A6","Q1012","Q1066"
"2M1",2012,"F","99Z","3A6","Q1012","Q1066"
"7P4",2013,"F","26V","3A6","Q1012","Q1066"
"9Q8",2014,"M","7F2","3A6","Q1012","Q1066"
"7P0",2013,"M","37P","3A6","Q1012","Q1066"
"8L8",2011,"F","37P","3A6","Q1012","Q1066"
"6K9",2011,"F","91A","3A6","Q1012","Q1066"
"2M4",2012,"M","7A8","3A6","Q1012","Q1066"
"7P6",2013,"M","03Z","3A6","Q1056","Q1066"
"4R0",2014,"F","98V","3A6","Q1083","Q1066"
"0P0",2013,"M","6A4","3A6","Q1012","Q1066"
"4M8",2012,"M","51T","3A6","Q1012","Q1066"
"0P9",2013,"M","54N","3A6","Q1083","Q1066"
"3N0",2012,"M","4F8","3A6","Q1012","Q1066"
"3Q6",2014,"M","0B4","3A6","Q1012","Q1066"
"5R4",2014,"M","2F3","3A6","Q1083","Q1066"
"6N0",2012,"M","7F9","3A6","Q1083","Q1066"
"1S1",2014,"M","98T","3B9","Q1050","Q1012"
"9P0",2013,"F","7F2","3E1","Q1012","Q1053"
"0S9",2014,"F","63V","3E4","Q1021","Q1012"
"3S5",2014,"F","36Z","3E4","Q1053","Q1012"
"2P3",2013,"F","4B2","3E9","Q1066","Q1050"
"3O6",2013,"M","48N","3E9","Q1012","Q1050"
"7E4",2008,"M","54D","40C","Q1050","Q1083"
"5B7",2006,"M","55R","40C","Q1056","Q1083"
"65Z",2005,"F","55A","40C","Q1056","Q1083"
"8J3",2010,"M","56A","40C","Q1050","Q1083"
"5F5",2008,"F","23V","40N","Q1056","Q1012"
"9F4",2008,"F","03B","40N","Q1053","Q1012"
"9G8",2009,"M","49V","40N","Q1056","Q1012"
"6F4",2008,"M","55J","40N","Q1056","Q1012"
"2L2",2011,"M","87K","41N","Q1021","Q1083"
"0L3",2011,"M","55V","41N","Q1021","Q1083"
"6O3",2013,"M","68V","41N","Q1050","Q1083"
"1I1",2010,"F","5C6","41N","Q1071","Q1083"
"1N2",2012,"F","2A7","41N","Q1021","Q1083"
"6P5",2013,"M","35N","41N","Q1050","Q1083"
"1Q1",2013,"F","87K","41N","Q1021","Q1083"
"6L7",2011,"M","43F","41N","Q1050","Q1083"
"1G3",2009,"M","53Z","41N","Q1071","Q1083"
"1G0",2009,"F","25N","41N","Q1071","Q1083"
"1G8",2009,"M","31L","41N","Q1071","Q1083"
"3J6",2010,"M","98J","41N","Q1048","Q1083"
"7F2",2008,"F","16Z","42F","Q1012","Q1083"
"5F7",2008,"F","31V","42F","Q1012","Q1083"
"5B9",2006,"M","35O","42F","Q1056","Q1083"
"3J9",2010,"F","07L","42F","Q1066","Q1083"
"I107A8",2010,"F","7A8","42F","Q1012","Q1083"
"3C0",2006,"F","20S","42F","Q1046","Q1083"
"I096A3",2009,"M","6A3","42F","Q1083","Q1083"
"7G3",2009,"F","3A7","42F","Q1012","Q1083"
"8H9",2009,"M","60R","44E","Q1053","Q1012"
"3D7",2007,"M","20C","44E","Q1071","Q1012"
"3D5",2007,"F","31L","44E","Q1071","Q1012"
"4C6",2006,"M","78I","44E","Q1071","Q1012"
"4D2",2007,"F","13B","44E","Q1071","Q1012"
"4C9",2006,"F","20C","44E","Q1071","Q1012"
"8D4",2007,"F","30J","44E","Q1071","Q1012"
"8D3",2007,"M","13H","44E","Q1071","Q1012"
"6H3",2009,"M","07A","44E","Q1053","Q1012"
"8L9",2011,"M","X83","44H","Q1012","Q1083"
"2E6",2007,"F","75L","44H","Q1012","Q1083"
"8G2",2009,"M","09Z","44H","Q1012","Q1083"
"I0876D",2008,"F","76D","44H","Q1066","Q1083"
"3B0",2006,"F","T95","44H","Q1066","Q1083"
"3H7",2009,"M","28I","44H","Q1012","Q1083"
"3H5",2009,"F","15O","44H","Q1012","Q1083"
"I09S54",2009,"F","S54","44H","Q1012","Q1083"
"4J7",2010,"F","54N","44H","Q1083","Q1083"
"I0915C",2009,"F","15C","44H","Q1012","Q1083"
"4F8",2008,"F","37P","44H","Q1012","Q1083"
"I1102A",2011,"U","02A","44H","Q1012","Q1083"
"3N1",2012,"F","69O","44H","Q1066","Q1083"
"3R9",2014,"F","25P","44H","Q1056","Q1083"
"95Z",2005,"M","V60","44H","Q1012","Q1083"
"4Q2",2014,"M","89K","44T","Q1012","Q1066"
"9K2",2011,"M","99Z","44T","Q1012","Q1066"
"4I0",2010,"M","61K","44T","Q1083","Q1066"
"8O7",2013,"M","51T","44T","Q1012","Q1066"
"I1451T",2014,"F","51T","44T","Q1012","Q1066"
"5R1",2014,"M","0A2","44T","Q1012","Q1066"
"8Q9",2014,"M","7A6","44T","Q1012","Q1066"
"1M0",2012,"F","4A0","44T","Q1012","Q1066"
"3Q0",2014,"F","31V","44T","Q1012","Q1066"
"I134A0",2013,"F","4A0","44T","Q1012","Q1066"
"3R8",2014,"M","87F","44T","Q1012","Q1066"
"4I4",2010,"F","08Z","44T","Q1012","Q1066"
"1S6",2014,"F","2D1","44T","Q1083","Q1066"
"I130B4",2013,"M","0B4","44T","Q1012","Q1066"
"3M8",2012,"M","8A5","44T","Q1012","Q1066"
"4M2",2012,"F","77D","44T","Q1012","Q1066"
"6O7",2013,"F","25P","44T","Q1056","Q1066"
"9O5",2013,"M","95V","44T","Q1012","Q1066"
"2O3",2013,"M","28I","44T","Q1012","Q1066"
"4R6",2014,"F","7A8","44T","Q1012","Q1066"
"3M2",2012,"M","24V","44T","Q1053","Q1066"
"6G3",2009,"F","76L","44T","Q1012","Q1066"
"7K1",2011,"F","28I","44T","Q1012","Q1066"
"5P9",2013,"M","8A5","44T","Q1012","Q1066"
"8K6",2011,"M","77V","44T","Q1012","Q1066"
"3P3",2013,"M","7A8","44T","Q1012","Q1066"
"0L0",2011,"M","93I","44T","Q1012","Q1066"
"I1038P",2010,"F","38P","44T","Q1012","Q1066"
"4L5",2011,"F","87F","44T","Q1012","Q1066"
"3J0",2010,"F","77D","44T","Q1012","Q1066"
"7J6",2010,"M","03H","44T","Q1012","Q1066"
"9L0",2011,"F","6A3","44T","Q1083","Q1066"
"4I8",2010,"M","0B5","44T","Q1012","Q1066"
"2J9",2010,"M","87F","44T","Q1012","Q1066"
"6M3",2012,"M","87F","44T","Q1012","Q1066"
"1M7",2012,"M","77V","44T","Q1012","Q1066"
"6I1",2010,"M","37P","44T","Q1012","Q1066"
"4J2",2010,"M","31V","44T","Q1012","Q1066"
"I1228A",2012,"F","28A","44T","Q1012","Q1066"
"9J7",2010,"F","K84","44T","Q1012","Q1066"
"5L2",2011,"M","4A0","44T","Q1012","Q1066"
"7K0",2011,"M","76L","44T","Q1012","Q1066"
"3J5",2010,"F","76L","44T","Q1012","Q1066"
"6D3",2007,"F","07A","46N","Q1053","Q1083"
"2B0",2006,"F","65A","46N","Q1056","Q1083"
"4Q4",2014,"F","9I8","46N","Q1056","Q1083"
"6E9",2008,"F","19J","46N","Q1046","Q1083"
"1O3",2013,"M","91V","46N","Q1012","Q1083"
"8E0",2008,"F","21C","46N","Q1021","Q1083"
"8E2",2008,"F","73C","46N","Q1056","Q1083"
"8E1",2008,"F","55A","46N","Q1056","Q1083"
"7E8",2008,"M","90S","46N","Q1053","Q1083"
"2K3",2011,"M","90T","46Z","Q1071","Q1071"
"9N7",2012,"F","3C3","46Z","Q1021","Q1071"
"6N8",2012,"F","0A9","46Z","Q1053","Q1071"
"7K7",2011,"M","4C4","46Z","Q1071","Q1071"
"3L7",2011,"M","5B4","46Z","Q1056","Q1071"
"9M0",2012,"F","62V","46Z","Q1053","Q1071"
"7L9",2011,"M","1B0","46Z","Q1071","Q1071"
"I122A2",2012,"F","2A2","46Z","Q1050","Q1071"
"0N6",2012,"M","3D9","46Z","Q1071","Q1071"
"3K7",2011,"M","2A7","46Z","Q1021","Q1071"
"8N8",2012,"F","1A3","46Z","Q1021","Q1071"
"6R5",2014,"M","2A2","46Z","Q1050","Q1071"
"5I0",2010,"M","6C5","46Z","Q1021","Q1071"
"4R4",2014,"F","1C7","46Z","Q1056","Q1071"
"1I0",2010,"M","1B3","46Z","Q1071","Q1071"
"7N1",2012,"F","9D8","46Z","Q1050","Q1071"
"2N3",2012,"M","56E","46Z","Q1050","Q1071"
"I1268J",2012,"M","68J","46Z","Q1050","Q1071"
"5N8",2012,"F","4C9","46Z","Q1071","Q1071"
"2K1",2011,"F","98J","46Z","Q1048","Q1071"
"9M5",2012,"M","40L","46Z","Q1021","Q1071"
"3A6",2005,"M","07L","48G","Q1066","Q1021"
"0B8",2005,"M","28A","48G","Q1012","Q1021"
"6J3",2010,"M","03S","48L","Q1083","Q1050"
"9C2",2007,"F","03J","48L","Q1053","Q1050"
"1O4",2013,"F","0G2","48L","Q1083","Q1050"
"7M1",2012,"M","9C7","48L","Q1083","Q1050"
"0P5",2013,"F","97R","48L","Q1083","Q1050"
"5P0",2013,"F","5A1","48L","Q1083","Q1050"
"3E2",2007,"F","04N","48L","Q1050","Q1050"
"5L1",2011,"M","5A0","48L","Q1083","Q1050"
"6B7",2006,"M","75L","48L","Q1012","Q1050"
"4S4",2014,"M","5A0","48L","Q1083","Q1050"
"9A9",2005,"M","57H","49A","Q1021","Q1012"
"I1122H",2011,"F","22H","49L","Q1046","Q1056"
"4H0",2009,"F","38E","49L","Q1066","Q1056"
"6K5",2011,"M","0C8","49L","Q1050","Q1056"
"6K4",2011,"M","90P","49L","Q1021","Q1056"
"I0839T",2008,"M","39T","49L","Q1083","Q1056"
"2J2",2010,"F","29B","49L","Q1053","Q1056"
"6O1",2013,"F","50S","49Z","Q1021","Q1071"
"1N7",2012,"M","2A8","49Z","Q1021","Q1071"
"0O1",2013,"M","29B","49Z","Q1053","Q1071"
"8N0",2012,"F","03J","49Z","Q1053","Q1071"
"8N1",2012,"F","1C0","49Z","Q1021","Q1071"
"7N7",2012,"F","87K","49Z","Q1021","Q1071"
"2N5",2012,"M","43F","49Z","Q1050","Q1071"
"0O9",2013,"M","98T","49Z","Q1050","Q1071"
"9L5",2011,"M","7C4","49Z","Q1071","Q1071"
"9M6",2012,"F","50S","49Z","Q1021","Q1071"
"6N7",2012,"M","98T","49Z","Q1050","Q1071"
"2K6",2011,"M","9C1","49Z","Q1071","Q1071"
"1Q2",2013,"F","2A7","49Z","Q1021","Q1071"
"4S2",2014,"F","14E","4C3","Q1071","Q1050"
"4O4",2013,"F","1G1","4C3","Q1071","Q1050"
"4O8",2013,"M","3D9","4C3","Q1071","Q1050"
"4O3",2013,"M","5E8","4C3","Q1071","Q1050"
"0O4",2013,"M","9E8","4C3","Q1071","Q1050"
"3S4",2014,"F","0C6","4C6","Q1021","Q1071"
"I144C9",2014,"F","4C9","4E2","Q1071","Q1050"
"7R7",2014,"F","9A4","4G6","Q1050","Q1021"
"9B3",2006,"M","V60","60D","Q1012","Q1053"
"6A2",2005,"M","X37","60D","Q1012","Q1053"
"1P9",2013,"F","4H0","60E","Q1066","Q1050"
"4I1",2010,"F","4B5","60E","Q1066","Q1050"
"6J5",2010,"M","2B1","60E","Q1083","Q1050"
"3M0",2012,"F","0E2","60E","Q1012","Q1050"
"56Z",2005,"F","K04","60H","Q1050","Q1053"
"3B5",2006,"F","59F","60H","Q1066","Q1053"
"0F7",2008,"M","28I","60H","Q1012","Q1053"
"4B3",2006,"F","50K","60H","Q1012","Q1053"
"1I6",2010,"F","51Z","60L","Q1071","Q1021"
"I10L66",2010,"M","L66","60L","Q1071","Q1021"
"2K5",2011,"M","52Z","60L","Q1071","Q1021"
"7B4",2006,"M","02K","60L","Q1071","Q1021"
"1K2",2010,"F","99J","60L","Q1071","Q1021"
"4J5",2010,"F","00V","60L","Q1071","Q1021"
"5E8",2008,"F","78I","60L","Q1071","Q1021"
"5L7",2011,"F","81E","60L","Q1071","Q1021"
"0G9",2009,"M","98J","60L","Q1048","Q1021"
"I0993T",2009,"F","93T","60L","Q1071","Q1021"
"9L9",2011,"F","49V","60T","Q1056","Q1083"
"6L3",2011,"M","86Z","60T","Q1053","Q1083"
"7R3",2014,"F","50S","60T","Q1021","Q1083"
"2P9",2013,"M","42L","60T","Q1021","Q1083"
"0M8",2012,"M","55J","60T","Q1056","Q1083"
"1J2",2010,"M","37D","60T","Q1056","Q1083"
"9L1",2011,"F","03B","60T","Q1053","Q1083"
"6L1",2011,"F","37V","60T","Q1056","Q1083"
"I137D8",2013,"F","7D8","60T","Q1021","Q1083"
"6L5",2011,"F","51V","60T","Q1056","Q1083"
"8I7",2010,"M","93O","60T","Q1056","Q1083"
"5O7",2013,"M","0G5","60T","Q1050","Q1083"
"5M2",2012,"F","83Z","60T","Q1056","Q1083"
"8I5",2010,"M","49V","60T","Q1056","Q1083"
"7K5",2011,"F","83Z","60T","Q1056","Q1083"
"2G2",2009,"F","81E","61B","Q1071","Q1050"
"8D2",2007,"M","99J","61B","Q1071","Q1050"
"1G1",2009,"F","48S","61B","Q1071","Q1050"
"51Z",2005,"F","97J","61B","Q1071","Q1050"
"8B5",2006,"M","32G","61B","Q1071","Q1050"
"0F0",2008,"F","31L","61B","Q1071","Q1050"
"1G5",2009,"F","78I","61B","Q1071","Q1050"
"2G5",2009,"M","14E","61B","Q1071","Q1050"
"2R0",2014,"M","2F2","61D","Q1056","Q1050"
"7F9",2008,"F","54N","61G","Q1083","Q1050"
"1L7",2011,"F","96A","61G","Q1012","Q1050"
"9J1",2010,"F","8B4","61G","Q1021","Q1050"
"1O0",2013,"M","2E4","61R","Q1071","Q1053"
"1Q5",2013,"F","9C1","61R","Q1071","Q1053"
"9R1",2014,"M","5C6","61R","Q1071","Q1053"
"2K7",2011,"F","85T","61R","Q1048","Q1053"
"5O2",2013,"M","00V","61R","Q1071","Q1053"
"0S2",2014,"F","9C1","61R","Q1071","Q1053"
"1N4",2012,"F","78I","61R","Q1071","Q1053"
"8R3",2014,"F","0F0","61R","Q1071","Q1053"
"9N2",2012,"F","2E4","61R","Q1071","Q1053"
"2K2",2011,"M","45Z","61R","Q1071","Q1053"
"9R0",2014,"F","2E4","61R","Q1071","Q1053"
"8O0",2013,"M","13B","61R","Q1071","Q1053"
"0S0",2014,"M","52Z","61R","Q1071","Q1053"
"0M3",2011,"F","1B3","61R","Q1071","Q1053"
"0N0",2012,"M","98J","61R","Q1048","Q1053"
"4S5",2014,"M","7C4","61R","Q1071","Q1053"
"5O0",2013,"F","31L","61R","Q1071","Q1053"
"4S7",2014,"F","1G6","61R","Q1071","Q1053"
"7K9",2011,"M","53Z","61R","Q1071","Q1053"
"1N1",2012,"M","51Z","61R","Q1071","Q1053"
"9M9",2012,"F","5C6","61R","Q1071","Q1053"
"8R5",2014,"F","51Z","61R","Q1071","Q1053"
"0N5",2012,"M","13B","61R","Q1071","Q1053"
"0N8",2012,"M","47Z","61R","Q1071","Q1053"
"7O9",2013,"F","81E","61R","Q1071","Q1053"
"3I3",2010,"M","69O","50B","Q1066","Q1053"
"5C4",2006,"F","38P","50B","Q1012","Q1053"
"7A5",2005,"F","06J","50G","Q1012","Q1053"
"3B4",2006,"F","89K","50G","Q1012","Q1053"
"i0596G",2005,"F","96G","50G","Q1012","Q1053"
"7G8",2009,"M","76K","50G","Q1012","Q1053"
"1E1",2007,"F","67C","50G","Q1012","Q1053"
"6B6",2006,"M","93I","50G","Q1012","Q1053"
"3E4",2007,"M","30D","50G","Q1012","Q1053"
"4E0",2007,"F","15O","50G","Q1012","Q1053"
"2D2",2007,"M","V60","50G","Q1012","Q1053"
"4A4",2005,"M","87F","50G","Q1012","Q1053"
"3B9",2006,"M","15O","50G","Q1012","Q1053"
"6D7",2007,"M","77D","50G","Q1012","Q1053"
"1D7",2007,"M","89K","50G","Q1012","Q1053"
"9J6",2010,"F","6B0","50T","Q1012","Q1066"
"9I3",2010,"F","89L","50T","Q1083","Q1066"
"3I9",2010,"M","6A4","50T","Q1012","Q1066"
"2H7",2009,"M","4A2","50T","Q1012","Q1066"
"5G6",2009,"M","93I","50T","Q1012","Q1066"
"I0911L",2009,"F","11L","50T","Q1012","Q1066"
"9G5",2009,"M","87F","50T","Q1012","Q1066"
"0J4",2010,"M","16Z","50T","Q1012","Q1066"
"I0867C",2008,"F","67C","50T","Q1012","Q1066"
"I1025Z",2010,"M","25Z","50T","Q1012","Q1066"
"3H9",2009,"M","31V","50T","Q1012","Q1066"
"3I8",2010,"M","4A3","50T","Q1012","Q1066"
"53Z",2005,"F","30J","51A","Q1071","Q1050"
"2I3",2010,"F","52Z","51A","Q1071","Q1050"
"2I2",2010,"M","T03","51A","Q1071","Q1050"
"44Z",2005,"M","L66","51A","Q1071","Q1050"
"4C5",2006,"F","T03","51A","Q1071","Q1050"
"4D0",2007,"F","81E","51A","Q1071","Q1050"
"3D9",2007,"F","T03","51A","Q1071","Q1050"
"2F6",2008,"M","50K","51A","Q1012","Q1050"
"4D3",2007,"M","31G","51J","Q1071","Q1021"
"1F1",2008,"M","82L","51J","Q1012","Q1021"
"7Q0",2014,"F","74K","51J","Q1083","Q1021"
"1G2",2009,"F","67F","51J","Q1071","Q1021"
"7F8",2008,"M","56A","51J","Q1050","Q1021"
"8F4",2008,"F","68J","51J","Q1050","Q1021"
"3R0",2014,"F","24V","51J","Q1053","Q1021"
"8E4",2008,"M","43J","51J","Q1050","Q1021"
"45Z",2005,"F","20C","51J","Q1071","Q1021"
"0F2",2008,"M","T03","51J","Q1071","Q1021"
"I13V78",2013,"F","V78","53N","Q1053","Q1050"
"7M8",2012,"M","97R","53N","Q1083","Q1050"
"I13Z82",2013,"M","Z82","53N","Q1083","Q1050"
"0L6",2011,"F","57T","53N","Q1083","Q1050"
"0C3",2006,"M","21K","53N","Q1021","Q1050"
"7M2",2012,"F","74K","53N","Q1083","Q1050"
"8D7",2007,"M","78A","53N","Q1053","Q1050"
"5H0",2009,"F","89L","53N","Q1083","Q1050"
"3L9",2011,"F","5A1","53N","Q1083","Q1050"
"5P4",2013,"M","9C5","53N","Q1056","Q1050"
"7C5",2007,"M","39B","53N","Q1050","Q1050"
"8D6",2007,"M","68J","53N","Q1050","Q1050"
"9D5",2007,"M","14I","53N","Q1050","Q1050"
"8K5",2011,"F","38Z","53N","Q1083","Q1050"
"4C7",2006,"M","15E","54F","Q1071","Q1083"
"7E2",2008,"M","77S","54F","Q1046","Q1083"
"43Z",2005,"M","79I","54F","Q1071","Q1083"
"2E4",2007,"F","29J","54F","Q1071","Q1083"
"6G1",2009,"F","74K","54F","Q1083","Q1083"
"4C8",2006,"M","30J","54F","Q1071","Q1083"
"0G2",2008,"F","40T","54F","Q1083","Q1083"
"0A5",2005,"F","54D","54F","Q1050","Q1083"
"9C1",2007,"F","67F","54F","Q1071","Q1083"
"3D6",2007,"M","15E","54F","Q1071","Q1083"
"I1075L",2010,"M","75L","54V","Q1012","Q1066"
"7I6",2010,"F","99Z","54V","Q1012","Q1066"
"1N5",2012,"F","29B","54V","Q1053","Q1066"
"4I6",2010,"F","51T","54V","Q1012","Q1066"
"0I7",2009,"F","38Z","55T","Q1083","Q1012"
"5K3",2011,"F","0A4","56K","Q1050","Q1083"
"4F7",2008,"M","93O","56K","Q1056","Q1083"
"0J2",2010,"F","76J","56K","Q1053","Q1083"
"0K8",2010,"F","2C3","56K","Q1053","Q1083"
"1C4",2006,"M","25P","56K","Q1056","Q1083"
"7D1",2007,"M","02G","56K","Q1056","Q1083"
"3S7",2014,"M","55V","56K","Q1021","Q1083"
"7D4",2007,"M","65A","56K","Q1056","Q1083"
"9H2",2009,"M","58N","56K","Q1056","Q1083"
"7J5",2010,"M","75J","56K","Q1056","Q1083"
"1F6",2008,"M","21G","56K","Q1056","Q1083"
"6F7",2008,"M","45F","56K","Q1056","Q1083"
"7R0",2014,"M","4J6","56K","Q1046","Q1083"
"9H9",2009,"F","93O","56K","Q1056","Q1083"
"1C3",2006,"F","L84","56K","Q1056","Q1083"
"3F9",2008,"M","19A","56K","Q1056","Q1083"
"9F7",2008,"F","V78","56K","Q1053","Q1083"
"8L0",2011,"F","55J","56K","Q1056","Q1083"
"3F5",2008,"F","48J","56K","Q1056","Q1083"
"9G9",2009,"M","Z51","56K","Q1053","Q1083"
"5Q8",2014,"F","6F2","56K","Q1050","Q1083"
"6D9",2007,"F","64R","56K","Q1056","Q1083"
"8G4",2009,"F","07L","57D","Q1066","Q1050"
"4N0",2012,"M","03Z","57D","Q1056","Q1050"
"8F0",2008,"F","14Z","57D","Q1066","Q1050"
"5B0",2006,"M","81I","57D","Q1083","Q1050"
"0M7",2012,"M","93O","57F","Q1056","Q1071"
"57Z",2005,"F","68J","57F","Q1050","Q1071"
"5B5",2006,"M","81B","57F","Q1056","Q1071"
"5A6",2005,"F","Z14","57F","Q1050","Q1071"
"5A9",2005,"F","17C","57F","Q1050","Q1071"
"3A5",2005,"M","33C","57F","Q1083","Q1071"
"5A4",2005,"F","82A","57F","Q1050","Q1071"
"2C4",2006,"F","53E","57F","Q1056","Q1071"
"80Z",2005,"F","11I","57F","Q1050","Q1071"
"1A0",2005,"M","20F","57F","Q1021","Q1071"
"2F2",2008,"F","L84","57F","Q1056","Q1071"
"5H1",2009,"M","5A0","58P","Q1083","Q1071"
"8G7",2009,"M","42A","58P","Q1083","Q1071"
"3G3",2009,"F","44V","58P","Q1056","Q1071"
"9I1",2010,"F","88N","58P","Q1083","Q1071"
"4L7",2011,"M","3A7","58R","Q1012","Q1056"
"2M8",2012,"M","0F6","58R","Q1012","Q1056"
"0L2",2011,"F","60V","58R","Q1012","Q1056"
"5M4",2012,"M","40V","58R","Q1012","Q1056"
"5L0",2011,"M","61K","58R","Q1083","Q1056"
"3I7",2010,"F","10C","58R","Q1083","Q1056"
"4I2",2010,"F","4A2","58R","Q1012","Q1056"
"3J1",2010,"M","28I","58R","Q1012","Q1056"
"2S7",2014,"F","1H6","5B0","Q1050","Q1083"
"2Q4",2014,"M","48N","5B2","Q1012","Q1066"
"6M2",2012,"M","37P","5B2","Q1012","Q1066"
"I12K84",2012,"M","K84","5B2","Q1012","Q1066"
"2M6",2012,"F","48N","5B2","Q1012","Q1066"
"3O5",2013,"F","5C4","5B2","Q1012","Q1066"
"1P6",2013,"F","4E0","5B2","Q1012","Q1066"
"2R8",2014,"M","6A4","5B2","Q1012","Q1066"
"4M6",2012,"F","0A2","5B2","Q1012","Q1066"
"3O1",2013,"F","0B5","5B2","Q1012","Q1066"
"2R1",2014,"M","3A7","5B2","Q1012","Q1066"
"9O3",2013,"F","7F7","5B2","Q1012","Q1066"
"4R5",2014,"F","8A5","5B2","Q1012","Q1066"
"3O8",2013,"M","0A2","5B2","Q1012","Q1066"
"2S4",2014,"M","28I","5B2","Q1012","Q1066"
"2R5",2014,"F","85V","5B2","Q1012","Q1066"
"2Q1",2014,"M","77V","5B2","Q1012","Q1066"
"8O6",2013,"M","91A","5B2","Q1012","Q1066"
"2P0",2013,"F","4D5","5B2","Q1012","Q1066"
"0L7",2011,"F","5C2","5C3","Q1012","Q1083"
"I140J5",2014,"M","0J5","5D1","Q1056","Q1050"
"1S4",2014,"M","29B","5E1","Q1053","Q1021"
"6R0",2014,"M","35N","5E1","Q1050","Q1021"
"3S8",2014,"M","64P","5E1","Q1050","Q1021"
"0S4",2014,"M","1I5","5E6","Q1071","Q1050"
"0C0",2006,"M","Z15","64K","Q1050","Q1012"
"0E8",2007,"M","V36","64K","Q1021","Q1012"
"4F9",2008,"M","35N","64K","Q1050","Q1012"
"8I2",2010,"M","67G","64K","Q1050","Q1012"
"7C0",2006,"F","O52","64K","Q1050","Q1012"
"8B1",2006,"M","42B","64K","Q1050","Q1012"
"7D9",2007,"M","79C","64K","Q1050","Q1012"
"1D3",2007,"M","30O","64K","Q1050","Q1012"
"1J7",2010,"F","X97","64K","Q1021","Q1012"
"3C6",2006,"M","54D","64K","Q1050","Q1012"
"5F9",2008,"F","71J","64K","Q1021","Q1012"
"8C6",2007,"F","42B","64K","Q1050","Q1012"
"5E5",2008,"M","32S","64K","Q1021","Q1012"
"4F2",2008,"F","86C","64K","Q1021","Q1012"
"8H3",2009,"F","85S","64K","Q1050","Q1012"
"6C3",2006,"F","V36","64K","Q1021","Q1012"
"0B6",2005,"F","V05","64K","Q1053","Q1012"
"8B3",2006,"M","39B","64K","Q1050","Q1012"
"8H4",2009,"F","Z14","64K","Q1050","Q1012"
"8F7",2008,"M","J92","64K","Q1021","Q1012"
"1H7",2009,"F","62H","64K","Q1050","Q1012"
"8F1",2008,"F","N12","64K","Q1050","Q1012"
"0H9",2009,"M","71J","64K","Q1021","Q1012"
"7H2",2009,"F","14L","64K","Q1050","Q1012"
"9H5",2009,"F","52P","64K","Q1050","Q1012"
"4M9",2012,"F","1C7","64S","Q1056","Q1050"
"0Q2",2013,"M","94S","64S","Q1056","Q1050"
"9P8",2013,"F","2E9","64S","Q1053","Q1050"
"I127E3",2012,"U","7E3","64Z","Q1046","Q1056"
"I122E9",2012,"M","2E9","64Z","Q1053","Q1056"
"9K0",2011,"F","1E0","64Z","Q1021","Q1056"
"7D6",2007,"F","V58","65F","Q1021","Q1050"
"8D0",2007,"F","29B","65F","Q1053","Q1050"
"89Z",2005,"F","87K","65F","Q1021","Q1050"
"0H4",2009,"F","21N","65F","Q1046","Q1050"
"4G0",2009,"F","38V","65F","Q1053","Q1050"
"9B0",2006,"M","59A","65F","Q1050","Q1050"
"2E2",2007,"M","O52","65F","Q1050","Q1050"
"2A9",2005,"F","39B","65F","Q1050","Q1050"
"2A0",2005,"F","56E","65F","Q1050","Q1050"
"1A5",2005,"M","21C","65F","Q1021","Q1050"
"81Z",2005,"F","73B","65F","Q1050","Q1050"
"3G4",2009,"M","V80","65F","Q1053","Q1050"
"7B7",2006,"F","89C","65F","Q1021","Q1050"
"4G9",2009,"M","77S","65F","Q1046","Q1050"
"1D1",2007,"F","87K","65F","Q1021","Q1050"
"3C8",2006,"M","64A","65F","Q1021","Q1050"
"3C3",2006,"F","43I","65F","Q1021","Q1050"
"78Z",2005,"M","V65","65F","Q1021","Q1050"
"6A0",2005,"F","X97","65F","Q1021","Q1050"
"1C1",2006,"M","79C","65F","Q1050","Q1050"
"5A3",2005,"F","43I","65F","Q1021","Q1050"
"9G6",2009,"F","81B","65F","Q1056","Q1050"
"6C9",2006,"M","Z08","65F","Q1021","Q1050"
"2A2",2005,"F","14L","65F","Q1050","Q1050"
"9A0",2005,"M","Z82","66F","Q1083","Q1050"
"I136C3",2013,"F","6C3","67Z","Q1021","Q1053"
"7M4",2012,"M","2F3","67Z","Q1083","Q1053"
"0O6",2013,"M","82A","67Z","Q1050","Q1053"
"9L3",2011,"F","39Z","67Z","Q1053","Q1053"
"I1329Z",2013,"M","29Z","67Z","Q1050","Q1053"
"7P1",2013,"F","9D4","67Z","Q1050","Q1053"
"5P7",2013,"F","0C6","67Z","Q1021","Q1053"
"5N9",2012,"M","31V","67Z","Q1012","Q1053"
"3G9",2009,"M","35O","68N","Q1056","Q1083"
"8J2",2010,"F","29Z","68N","Q1050","Q1083"
"5G0",2009,"F","22H","68N","Q1046","Q1083"
"7E6",2008,"M","22H","68N","Q1046","Q1083"
"7E0",2008,"F","36O","68N","Q1053","Q1083"
"5I4",2010,"F","65Z","68N","Q1056","Q1083"
"7I8",2010,"F","53E","68N","Q1056","Q1083"
"4D7",2007,"F","66I","68N","Q1056","Q1083"
"0F4",2008,"F","21N","68N","Q1046","Q1083"
"5I8",2010,"F","73C","68N","Q1056","Q1083"
"2C6",2006,"M","62O","68N","Q1053","Q1083"
"7E1",2008,"M","12T","68N","Q1048","Q1083"
"96Z",2005,"M","50K","69I","Q1012","Q1050"
"3O7",2013,"M","0B6","69I","Q1053","Q1050"
"2B3",2006,"F","V44","69I","Q1012","Q1050"
"1O5",2013,"M","51V","69I","Q1056","Q1050"
"6B5",2006,"M","11L","69I","Q1012","Q1050"
"3G1",2009,"F","55J","69I","Q1056","Q1050"
"1F3",2008,"M","96G","69I","Q1012","Q1050"
"4B5",2006,"F","76D","69I","Q1066","Q1050"
"4A2",2005,"F","V44","69I","Q1012","Q1050"
"0B5",2005,"F","93I","69I","Q1012","Q1050"
"2S0",2014,"F","61J","6A1","Q1021","Q1012"
"7R9",2014,"M","1A3","6A1","Q1021","Q1012"
"0P1",2013,"M","53E","6A1","Q1056","Q1012"
"0R6",2014,"F","6C5","6A1","Q1021","Q1012"
"9N3",2012,"F","64P","6A8","Q1050","Q1012"
"0O8",2013,"M","9D8","6A8","Q1050","Q1012"
"5O5",2013,"M","61J","6A8","Q1021","Q1012"
"7N6",2012,"F","55V","6A8","Q1021","Q1012"
"5O4",2013,"F","2A8","6A8","Q1021","Q1012"
"8P8",2013,"F","5C0","6A8","Q1050","Q1012"
"2N2",2012,"M","61J","6A8","Q1021","Q1012"
"7L0",2011,"F","03Z","6A8","Q1056","Q1012"
"5R6",2014,"M","78T","6A9","Q1050","Q1083"
"5M5",2012,"F","7F0","6A9","Q1056","Q1083"
"2L1",2011,"M","62R","6A9","Q1053","Q1083"
"4Q1",2014,"F","0B6","6A9","Q1053","Q1083"
"0R7",2014,"F","49V","6A9","Q1056","Q1083"
"8Q6",2014,"F","51V","6A9","Q1056","Q1083"
"4P6",2013,"F","44V","6A9","Q1056","Q1083"
"3L4",2011,"M","48J","6A9","Q1056","Q1083"
"3P9",2013,"M","74S","6B2","Q1053","Q1012"
"5Q9",2014,"M","5D9","6B2","Q1050","Q1012"
"3S3",2014,"F","68V","6B2","Q1050","Q1012"
"3S9",2014,"M","00J","6B2","Q1053","Q1012"
"1S5",2014,"M","9H9","6B8","Q1056","Q1012"
"1R1",2014,"F","6D6","6B8","Q1056","Q1012"
"1R7",2014,"M","6D9","6B8","Q1056","Q1012"
"7Q3",2014,"F","37V","6B8","Q1056","Q1012"
"9Q5",2014,"F","3F7","6B8","Q1056","Q1012"
"3P5",2013,"M","3F7","6B8","Q1056","Q1012"
"2S1",2014,"F","4E0","6C6","Q1012","Q1050"
"5M6",2012,"F","8A3","6C6","Q1083","Q1050"
"6R3",2014,"M","37P","6C9","Q1012","Q1021"
"2P5",2013,"M","1E6","6C9","Q1083","Q1021"
"8P7",2013,"M","3A7","6C9","Q1012","Q1021"
"8R8",2014,"F","90T","6E6","Q1071","Q1056"
"I147I4",2014,"F","7I4","6F0","Q1083","Q1083"
"3Q3",2014,"F","3F5","6F1","Q1056","Q1066"
"I101B6",2010,"F","1B6","70C","Q1012","Q1012"
"I118C7",2011,"F","8C7","70C","Q1012","Q1012"
"9I0",2010,"M","3B8","70C","Q1083","Q1012"
"5B6",2006,"F","76H","70C","Q1046","Q1012"
"5N5",2012,"M","5E8","70C","Q1071","Q1012"
"8C1",2007,"M","Z51","70C","Q1053","Q1012"
"9F8",2008,"F","Z51","70C","Q1053","Q1012"
"4D5",2007,"F","06J","70D","Q1012","Q1021"
"9C3",2007,"F","07L","70D","Q1066","Q1021"
"3A1",2005,"F","K81","70D","Q1083","Q1021"
"2G7",2009,"M","51Z","71T","Q1071","Q1056"
"0I9",2010,"M","85T","72O","Q1048","Q1083"
"0I8",2010,"M","78I","72O","Q1071","Q1083"
"8K0",2011,"M","78I","72O","Q1071","Q1083"
"1I5",2010,"F","01R","72O","Q1071","Q1083"
"0M4",2011,"F","14E","72O","Q1071","Q1083"
"5E4",2008,"M","98J","72O","Q1048","Q1083"
"1I8",2010,"F","53Z","72O","Q1071","Q1083"
"1I9",2010,"M","81E","72O","Q1071","Q1083"
"1K9",2011,"M","00V","72O","Q1071","Q1083"
"4J4",2010,"F","90T","72O","Q1071","Q1083"
"I0901R",2009,"F","01R","72O","Q1071","Q1083"
"3J7",2010,"M","47Z","72O","Q1071","Q1083"
"2K0",2011,"M","51Z","72O","Q1071","Q1083"
"9O6",2013,"F","4H3","72T","Q1083","Q1056"
"8M0",2012,"F","2D1","72T","Q1083","Q1056"
"9J2",2010,"M","2C0","72T","Q1046","Q1056"
"4J1",2010,"F","21N","72T","Q1046","Q1056"
"0I1",2009,"M","39Z","72T","Q1053","Q1056"
"2P8",2013,"M","7A9","72T","Q1083","Q1056"
"6O8",2013,"M","2D4","72T","Q1083","Q1056"
"I1382V",2013,"F","82V","72T","Q1083","Q1056"
"2P7",2013,"F","88N","72T","Q1083","Q1056"
"1P3",2013,"M","82Z","72T","Q1083","Q1056"
"1O2",2013,"M","1C5","72T","Q1056","Q1056"
"9I4",2010,"M","37V","72T","Q1056","Q1056"
"8M5",2012,"M","2B1","72T","Q1083","Q1056"
"4P5",2013,"F","9C7","72T","Q1083","Q1056"
"0N2",2012,"F","85T","73S","Q1048","Q1053"
"9M8",2012,"F","45Z","73S","Q1071","Q1053"
"0F6",2008,"F","10Z","73S","Q1012","Q1053"
"5N7",2012,"F","4C4","73V","Q1071","Q1083"
"7N5",2012,"F","1B3","73V","Q1071","Q1083"
"9R4",2014,"F","98J","73V","Q1048","Q1083"
"5O1",2013,"M","53Z","73V","Q1071","Q1083"
"8R9",2014,"M","00V","73V","Q1071","Q1083"
"9M7",2012,"F","4C5","73V","Q1071","Q1083"
"0S5",2014,"F","40Z","73V","Q1071","Q1083"
"9P1",2013,"F","78I","73V","Q1071","Q1083"
"9K6",2011,"F","82V","73Z","Q1083","Q1050"
"3P7",2013,"F","62S","73Z","Q1046","Q1050"
"9P5",2013,"F","6B4","73Z","Q1056","Q1050"
"0R3",2014,"M","93O","73Z","Q1056","Q1050"
"4R7",2014,"M","3G3","73Z","Q1056","Q1050"
"2Q9",2014,"M","2C8","74Z","Q1066","Q1053"
"1R0",2014,"M","7C8","74Z","Q1012","Q1053"
"2C9",2006,"M","38E","80B","Q1066","Q1083"
"4F4",2008,"M","59F","80B","Q1066","Q1083"
"0D0",2007,"M","28I","80B","Q1012","Q1083"
"0A2",2005,"F","89K","80B","Q1012","Q1083"
"8L6",2011,"M","1E2","80B","Q1053","Q1083"
"6C8",2006,"F","54N","80B","Q1083","Q1083"
"6B3",2006,"F","15C","80B","Q1012","Q1083"
"0Q1",2013,"M","48V","80B","Q1046","Q1083"
"2B5",2006,"M","28I","80B","Q1012","Q1083"
"6B8",2006,"M","96G","80B","Q1012","Q1083"
"2B2",2006,"M","77D","80B","Q1012","Q1083"
"1B9",2006,"M","77G","80B","Q1066","Q1083"
"2B8",2006,"F","91K","80B","Q1083","Q1083"
"0H1",2009,"M","62O","80B","Q1053","Q1083"
"2C8",2006,"F","69O","80B","Q1066","Q1083"
"97Z",2005,"M","28I","80B","Q1012","Q1083"
"1E7",2007,"F","22S","80B","Q1066","Q1083"
"4A0",2005,"F","K84","80B","Q1012","Q1083"
"5R2",2014,"M","0E1","80T","Q1012","Q1012"
"I1462R",2014,"M","62R","80T","Q1053","Q1012"
"1M2",2012,"M","5C4","80T","Q1012","Q1012"
"4G2",2009,"M","74S","81O","Q1053","Q1012"
"7H5",2009,"F","43F","81O","Q1050","Q1012"
"4E4",2008,"F","82A","81O","Q1050","Q1012"
"0I0",2009,"F","Z11","81O","Q1050","Q1012"
"9H8",2009,"F","64P","81O","Q1050","Q1012"
"0C4",2006,"M","20F","81O","Q1021","Q1012"
"6F8",2008,"M","49V","81O","Q1056","Q1012"
"8A5",2005,"F","48N","83L","Q1012","Q1066"
"5F8",2008,"F","89K","83L","Q1012","Q1066"
"3F0",2008,"M","02A","83L","Q1012","Q1066"
"3B2",2006,"F","68C","83L","Q1012","Q1066"
"0J3",2010,"M","89K","83L","Q1012","Q1066"
"4F5",2008,"F","L19","83L","Q1012","Q1066"
"i0515O",2005,"F","15O","83L","Q1012","Q1066"
"3H8",2009,"M","89K","83L","Q1012","Q1066"
"I08K28",2008,"M","K28","83L","Q1012","Q1066"
"2J1",2010,"F","96A","83L","Q1012","Q1066"
"I10X83",2010,"M","X83","83L","Q1012","Q1066"
"0F8",2008,"F","68C","83L","Q1012","Q1066"
"6H2",2009,"M","28A","83L","Q1012","Q1066"
"I0974B",2009,"M","74B","83L","Q1012","Q1066"
"0D6",2007,"M","02A","83L","Q1012","Q1066"
"0A1",2005,"F","15C","83L","Q1012","Q1066"
"2H9",2009,"M","L19","83L","Q1012","Q1066"
"2F7",2008,"M","96A","83L","Q1012","Q1066"
"I0535B",2005,"M","35B","83L","Q1012","Q1066"
"0E4",2007,"M","28A","83L","Q1012","Q1066"
"6J7",2010,"M","45F","83L","Q1056","Q1066"
"9J3",2010,"M","98V","83L","Q1083","Q1066"
"1J1",2010,"F","40V","83L","Q1012","Q1066"
"I1256A",2012,"M","56A","83L","Q1050","Q1066"
"4I7",2010,"M","39F","83L","Q1012","Q1066"
"9O4",2013,"F","3F4","84E","Q1012","Q1056"
"8A2",2005,"F","81I","84E","Q1083","Q1056"
"3B7",2006,"F","Z99","84E","Q1083","Q1056"
"7Q8",2014,"M","4H0","84E","Q1066","Q1056"
"9C7",2007,"F","I56","84E","Q1083","Q1056"
"4M3",2012,"M","4E0","84E","Q1012","Q1056"
"9D8",2007,"F","85S","84E","Q1050","Q1056"
"3D1",2007,"F","30F","84E","Q1083","Q1056"
"6E0",2008,"M","10S","84G","Q1050","Q1083"
"4C4",2006,"F","25N","84G","Q1071","Q1083"
"4G7",2009,"M","76H","84G","Q1046","Q1083"
"50Z",2005,"M","81E","84G","Q1071","Q1083"
"0H7",2009,"M","16S","84G","Q1048","Q1083"
"2E3",2007,"F","58N","84J","Q1056","Q1053"
"1E2",2007,"F","88R","84J","Q1053","Q1053"
"7C1",2006,"F","34B","84J","Q1056","Q1053"
"5C7",2006,"M","48J","84J","Q1056","Q1053"
"6C2",2006,"F","75J","84J","Q1056","Q1053"
"0E9",2007,"M","52P","75H","Q1050","Q1071"
"5C3",2006,"M","X34","75H","Q1083","Q1071"
"0G5",2008,"F","43F","75H","Q1050","Q1071"
"9H4",2009,"M","N12","75H","Q1050","Q1071"
"9Q7",2014,"M","34Z","76Z","Q1021","Q1046"
"0Q3",2013,"F","73C","76Z","Q1056","Q1046"
"3R1",2014,"M","8E2","76Z","Q1056","Q1046"
"3L3",2011,"M","07A","76Z","Q1053","Q1046"
"9Q1",2014,"F","21K","76Z","Q1021","Q1046"
"9Q0",2014,"F","1E0","76Z","Q1021","Q1046"
"0Q8",2013,"F","8E2","76Z","Q1056","Q1046"
"5K9",2011,"F","21C","76Z","Q1021","Q1046"
"7N0",2012,"F","73C","76Z","Q1056","Q1046"
"6R9",2014,"M","94S","76Z","Q1056","Q1046"
"2Q8",2014,"M","16S","76Z","Q1048","Q1046"
"9K7",2011,"M","5D9","76Z","Q1050","Q1046"
"8F6",2008,"F","20S","77I","Q1046","Q1083"
"0B3",2005,"M","X60","77I","Q1083","Q1083"
"6C7",2006,"M","K00","77I","Q1050","Q1083"
"82Z",2005,"F","H64","77I","Q1083","Q1083"
"6A7",2005,"M","36D","77I","Q1083","Q1083"
"0B2",2005,"F","Z99","77I","Q1083","Q1083"
"6E4",2008,"F","01P","77I","Q1021","Q1083"
"3E9",2007,"M","R65","78B","Q1050","Q1012"
"2A5",2005,"F","42O","78B","Q1050","Q1012"
"0B9",2005,"F","19J","78B","Q1046","Q1012"
"3A4",2005,"F","78C","78B","Q1053","Q1012"
"1B1",2005,"M","36O","78B","Q1053","Q1012"
"1H9",2009,"M","2A7","79F","Q1021","Q1083"
"1C5",2006,"F","21G","79H","Q1056","Q1050"
"6D6",2007,"F","45F","79H","Q1056","Q1050"
"1B8",2006,"M","99N","79H","Q1053","Q1050"
"2A7",2005,"F","40L","79H","Q1021","Q1050"
"9B7",2006,"M","21N","79H","Q1046","Q1050"
"90Z",2005,"M","42L","79H","Q1021","Q1050"
"79Z",2005,"F","64A","79H","Q1021","Q1050"
"1A1",2005,"M","82L","79H","Q1012","Q1050"
"2A4",2005,"M","01P","79H","Q1021","Q1050"
"7F5",2008,"M","76J","79H","Q1053","Q1050"
"6F5",2008,"M","21H","79H","Q1053","Q1050"
"3F6",2008,"F","02G","79H","Q1056","Q1050"
"1P2",2013,"M","55J","7A2","Q1056","Q1021"
"6Q2",2014,"F","43J","7B2","Q1050","Q1071"
"6R1",2014,"M","43F","7B2","Q1050","Q1071"
"1Q6",2013,"F","2C7","7B3","Q1053","Q1071"
"2P4",2013,"F","1E0","7B3","Q1021","Q1071"
"5Q4",2014,"M","4A5","7B3","Q1012","Q1071"
"2O0",2013,"M","1C7","7B3","Q1056","Q1071"
"2Q6",2014,"F","3F8","7B3","Q1012","Q1071"
"3P8",2013,"F","8E8","7D7","Q1021","Q1050"
"7A0",2005,"M","X87","85B","Q1050","Q1083"
"8J9",2010,"F","82L","85B","Q1012","Q1083"
"9A4",2005,"F","35N","85B","Q1050","Q1083"
"5E6",2008,"M","78T","85B","Q1050","Q1083"
"4G4",2009,"M","78T","85B","Q1050","Q1083"
"1K0",2010,"F","2A5","85B","Q1050","Q1083"
"1K5",2010,"F","2A5","85B","Q1050","Q1083"
"2C2",2006,"F","24B","85B","Q1050","Q1083"
"9K4",2011,"M","62H","85B","Q1050","Q1083"
"1H2",2009,"M","V58","85B","Q1021","Q1083"
"I1190D",2011,"M","90D","85B","Q1021","Q1083"
"8I4",2010,"F","Z14","85B","Q1050","Q1083"
"1E4",2007,"F","28J","85B","Q1050","Q1083"
"0F5",2008,"M","64A","85B","Q1021","Q1083"
"8F5",2008,"M","28J","85B","Q1050","Q1083"
"49Z",2005,"M","15E","85E","Q1071","Q1053"
"2H1",2009,"F","40L","85E","Q1021","Q1053"
"2B4",2006,"F","36D","85E","Q1083","Q1053"
"88Z",2005,"M","42B","85E","Q1050","Q1053"
"9F1",2008,"F","64P","85E","Q1050","Q1053"
"63Z",2005,"M","76J","86D","Q1053","Q1050"
"0A7",2005,"M","J92","86D","Q1021","Q1050"
"7A2",2005,"M","28N","86D","Q1021","Q1050"
"58Z",2005,"F","89C","86D","Q1021","Q1050"
"2A8",2005,"F","44J","86D","Q1021","Q1050"
"1A3",2005,"F","34N","86D","Q1021","Q1050"
"7A4",2005,"F","43J","86D","Q1050","Q1050"
"0A3",2005,"M","48B","86D","Q1021","Q1050"
"55Z",2005,"M","21K","86F","Q1021","Q1012"
"5A8",2005,"M","86C","86F","Q1021","Q1012"
"8H5",2009,"F","04N","86L","Q1050","Q1012"
"5I9",2010,"F","2C7","88T","Q1053","Q1071"
"4J6",2010,"F","3C0","88T","Q1046","Q1071"
"5R5",2014,"M","0I6","88T","Q1050","Q1071"
"5P2",2013,"M","3D1","88V","Q1083","Q1012"
"8M3",2012,"F","82Z","88V","Q1083","Q1012"
"7O1",2013,"M","38Z","88V","Q1083","Q1012"
"I12T83",2012,"F","T83","88V","Q1083","Q1012"
"8M4",2012,"F","82V","88V","Q1083","Q1012"
"4P8",2013,"M","74K","88V","Q1083","Q1012"
"6O9",2013,"F","2B4","88V","Q1083","Q1012"
"8J0",2010,"F","90P","88V","Q1021","Q1012"
"7M5",2012,"F","3D4","88V","Q1083","Q1012"
"9L6",2011,"F","T84","88V","Q1083","Q1012"
"I1257T",2012,"M","57T","88V","Q1083","Q1012"
"0P7",2013,"M","36D","88V","Q1083","Q1012"
"1H0",2009,"F","43I","89N","Q1021","Q1083"
"4G8",2009,"M","73B","89N","Q1050","Q1083"
"4E8",2008,"M","67F","89N","Q1071","Q1083"
"3H2",2009,"M","99J","89N","Q1071","Q1083"
"1I4",2010,"M","14E","89N","Q1071","Q1083"
"9E9",2008,"M","25N","89N","Q1071","Q1083"
"2M0",2012,"F","1E7","89N","Q1066","Q1083"
"5E3",2008,"M","48S","89N","Q1071","Q1083"
"5J6",2010,"F","3A4","89S","Q1053","Q1012"
"6I4",2010,"M","22H","89S","Q1046","Q1012"
"3N8",2012,"F","4C1","8A7","Q1050","Q1012"
"3S2",2014,"F","87K","8A7","Q1021","Q1012"
"6Q4",2014,"F","2A8","8A7","Q1021","Q1012"
"9N4",2012,"F","93Z","8A7","Q1053","Q1012"
"1L5",2011,"F","62V","8A7","Q1053","Q1012"
"2N6",2012,"F","32S","8A7","Q1021","Q1012"
"7N8",2012,"F","00J","8A7","Q1053","Q1012"
"8M9",2012,"M","9C2","8A7","Q1053","Q1012"
"1L2",2011,"F","00J","8A7","Q1053","Q1012"
"5O3",2013,"M","4C2","8A7","Q1053","Q1012"
"4K1",2011,"F","1A3","8A7","Q1021","Q1012"
"6N1",2012,"M","63V","8A7","Q1021","Q1012"
"9N5",2012,"F","4C2","8A7","Q1053","Q1012"
"7K4",2011,"M","1E3","8A7","Q1021","Q1012"
"0O2",2013,"F","79Z","8A7","Q1021","Q1012"
"6Q5",2014,"M","29Z","8A7","Q1050","Q1012"
"9N9",2012,"M","36Z","8A7","Q1053","Q1012"
"5K2",2011,"F","64P","8A7","Q1050","Q1012"
"6O4",2013,"F","63V","8A7","Q1021","Q1012"
"3N6",2012,"M","6C5","8A9","Q1021","Q1048"
"3M1",2012,"F","60R","8A9","Q1053","Q1048"
"5R0",2014,"F","4B2","8A9","Q1066","Q1048"
"5P8",2013,"M","2C8","8A9","Q1066","Q1048"
"I12V78",2012,"F","V78","8A9","Q1053","Q1048"
"7L4",2011,"F","73C","8A9","Q1056","Q1048"
"4R8",2014,"M","3D1","8B3","Q1083","Q1050"
"I144H7",2014,"M","4H7","8B3","Q1083","Q1050"
"4K7",2011,"M","3E7","8B3","Q1050","Q1050"
"2Q7",2014,"F","3J5","8B5","Q1012","Q1071"
"9P4",2013,"M","2C0","8B5","Q1046","Q1071"
"7N2",2012,"M","2E1","8B5","Q1021","Q1071"
"1R8",2014,"M","3D4","8B5","Q1083","Q1071"
"6O2",2013,"F","62V","8C0","Q1053","Q1056"
"9O8",2013,"M","3B1","8C0","Q1066","Q1056"
"1R5",2014,"F","5B4","8C2","Q1056","Q1083"
"8Q8",2014,"M","0C8","8C2","Q1050","Q1083"
"0R9",2014,"F","2E1","8C2","Q1021","Q1083"
"8Q4",2014,"M","4A9","8C3","Q1083","Q1056"
"5Q7",2014,"F","7I8","8C3","Q1056","Q1056"
"7Q2",2014,"F","2D4","8C3","Q1083","Q1056"
"5O8",2013,"M","9A4","8C9","Q1050","Q1066"
"0R2",2014,"M","60R","8D2","Q1053","Q1071"
"9P3",2013,"F","2G2","8D3","Q1071","Q1071"
"I131G2",2013,"F","1G2","8D3","Q1071","Q1071"
"4R9",2014,"F","8F0","8D6","Q1066","Q1050"
"5Q0",2014,"M","4F8","8D8","Q1012","Q1053"
"3Q8",2014,"F","0E2","8D8","Q1012","Q1053"
"1S7",2014,"F","4I4","8D8","Q1012","Q1053"
"3Q1",2014,"M","3H4","8D8","Q1012","Q1053"
"4R2",2014,"M","3H6","8D8","Q1012","Q1053"
"1B3",2005,"F","14E","90B","Q1071","Q1083"
"7N3",2012,"F","0F0","90B","Q1071","Q1083"
"6E7",2008,"F","81B","90B","Q1056","Q1083"
"0M0",2011,"F","5C6","90B","Q1071","Q1083"
"8R4",2014,"M","13H","91O","Q1071","Q1012"
"4E6",2008,"M","99I","91O","Q1050","Q1012"
"4N4",2012,"M","2C7","91O","Q1053","Q1012"
"6K2",2011,"M","34Z","91O","Q1021","Q1012"
"5N2",2012,"M","5B6","91O","Q1046","Q1012"
"7L7",2011,"F","16S","91O","Q1048","Q1012"
"0G1",2008,"M","K00","91O","Q1050","Q1012"
"4L1",2011,"M","81B","91O","Q1056","Q1012"
"8J6",2010,"F","60P","91O","Q1050","Q1012"
"9J9",2010,"F","73B","91O","Q1050","Q1012"
"0M2",2011,"F","2E8","91O","Q1048","Q1012"
"6K1",2011,"F","6C5","91O","Q1021","Q1012"
"8K7",2011,"F","21N","91O","Q1046","Q1012"
"7L6",2011,"M","36O","91O","Q1053","Q1012"
"7L5",2011,"F","48V","91O","Q1046","Q1012"
"7O5",2013,"M","85T","91P","Q1048","Q1050"
"I09X28",2009,"M","X28","91P","Q1012","Q1050"
"5J3",2010,"M","85V","91P","Q1012","Q1050"
"4L0",2011,"F","26V","91P","Q1012","Q1050"
"4K4",2011,"F","07L","91P","Q1066","Q1050"
"I1095S",2010,"M","95S","91P","Q1012","Q1050"
"3H6",2009,"F","95V","91P","Q1012","Q1050"
"6H7",2009,"F","91A","91P","Q1012","Q1050"
"3J2",2010,"M","60V","91P","Q1012","Q1050"
"7G2",2009,"M","0B4","91P","Q1012","Q1050"
"7G5",2009,"F","37P","91P","Q1012","Q1050"
"4L6",2011,"M","28A","91P","Q1012","Q1050"
"3G8",2009,"M","34N","91S","Q1021","Q1012"
"4J9",2010,"M","00J","91S","Q1053","Q1012"
"2I4",2010,"M","62V","91S","Q1053","Q1012"
"0J8",2010,"M","24V","91S","Q1053","Q1012"
"1J9",2010,"M","88I","91S","Q1050","Q1012"
"6I8",2010,"M","32S","91S","Q1021","Q1012"
"9H1",2009,"F","2A8","91S","Q1021","Q1012"
"I1086C",2010,"M","86C","91S","Q1021","Q1012"
"6I7",2010,"M","50S","92S","Q1021","Q1012"
"9G0",2009,"M","98T","92S","Q1050","Q1012"
"4J3",2010,"F","20S","93R","Q1046","Q1083"
"5I7",2010,"M","55A","93R","Q1056","Q1083"
"1Q9",2014,"M","6D8","93R","Q1012","Q1083"
"5G3",2009,"M","34Z","93R","Q1021","Q1083"
"0F3",2008,"F","66I","93R","Q1056","Q1083"
"5J8",2010,"F","3A9","93R","Q1056","Q1083"
"7E5",2008,"F","01B","94H","Q1021","Q1083"
"4Q5",2014,"F","62S","94H","Q1046","Q1083"
"8C7",2007,"F","V44","94H","Q1012","Q1083"
"1J5",2010,"F","11N","94H","Q1053","Q1083"
"3A2",2005,"F","34B","94H","Q1056","Q1083"
"8P0",2013,"F","55V","94H","Q1021","Q1083"
"0R4",2014,"F","90P","94H","Q1021","Q1083"
"8C0",2007,"M","93O","94H","Q1056","Q1083"
"8C8",2007,"M","54B","94H","Q1012","Q1083"
"9G2",2009,"M","02G","94H","Q1056","Q1083"
"5F1",2008,"M","53E","94H","Q1056","Q1083"
"62Z",2005,"M","19A","94H","Q1056","Q1083"
"9E0",2008,"F","74T","94H","Q1053","Q1083"
"7L3",2011,"F","76J","94H","Q1053","Q1083"
"9B5",2006,"M","45F","94H","Q1056","Q1083"
"6M4",2012,"M","6A4","94O","Q1012","Q1071"
"7F0",2008,"F","37D","94O","Q1056","Q1071"
"1F5",2008,"M","37V","94O","Q1056","Q1071"
"0H0",2009,"M","21H","94O","Q1053","Q1071"
"7J7",2010,"F","74T","94O","Q1053","Q1071"
"5H3",2009,"M","45F","94O","Q1056","Q1071"
"9F5",2008,"M","88N","94O","Q1083","Q1071"
"0L5",2011,"M","4A9","94O","Q1083","Q1071"
"7I7",2010,"M","T83","94O","Q1083","Q1071"
"3M9",2012,"M","2F0","94O","Q1066","Q1071"
"8L3",2011,"F","11N","94O","Q1053","Q1071"
"5G7",2009,"M","25P","94O","Q1056","Q1071"
"6H5",2009,"F","75J","94O","Q1056","Q1071"
"2M5",2012,"M","3B1","94O","Q1066","Q1071"
"6H0",2009,"F","37D","94O","Q1056","Q1071"
"4D8",2007,"F","76J","94O","Q1053","Q1071"
"9K9",2011,"M","06A","94O","Q1083","Q1071"
"4S0",2014,"F","65Z","94O","Q1056","Q1071"
"8M7",2012,"F","76L","94O","Q1012","Q1071"
"1J3",2010,"M","99N","94O","Q1053","Q1071"
"8I9",2010,"F","83Z","94O","Q1056","Q1071"
"6J1",2010,"M","19A","94O","Q1056","Q1071"
"6I2",2010,"M","Z51","94O","Q1053","Q1071"
"8I8",2010,"F","21H","94O","Q1053","Q1071"
"6H1",2009,"M","03B","94O","Q1053","Q1071"
"0P2",2013,"F","77V","94Z","Q1012","Q1066"
"8Q1",2014,"M","09Z","94Z","Q1012","Q1066"
"8O5",2013,"M","76L","94Z","Q1012","Q1066"
"9K8",2011,"M","8A5","94Z","Q1012","Q1066"
"7P3",2013,"F","6B0","94Z","Q1012","Q1066"
"2M9",2012,"M","0B4","94Z","Q1012","Q1066"
"3O0",2013,"F","77D","94Z","Q1012","Q1066"
"2S3",2014,"F","60V","94Z","Q1012","Q1066"
"5Q5",2014,"F","54N","94Z","Q1083","Q1066"
"6K8",2011,"F","6A4","94Z","Q1012","Q1066"
"3O2",2013,"F","3H4","94Z","Q1012","Q1066"
"3Q7",2014,"M","95V","94Z","Q1012","Q1066"
"4Q8",2014,"M","X83","94Z","Q1012","Q1066"
"I138C7",2013,"M","8C7","94Z","Q1012","Q1066"
"2O9",2013,"F","96A","94Z","Q1012","Q1066"
"1O8",2013,"M","60V","94Z","Q1012","Q1066"
"2P2",2013,"M","33V","94Z","Q1012","Q1066"
"2L6",2011,"M","14I","96B","Q1050","Q1066"
"9A2",2005,"M","X20","96B","Q1056","Q1066"
"4A9",2005,"F","42A","96B","Q1083","Q1066"
"76Z",2005,"M","76H","96B","Q1046","Q1066"
"3A9",2005,"F","81B","96B","Q1056","Q1066"
"8P9",2013,"F","59A","96B","Q1050","Q1066"
"8A9",2005,"M","13A","96B","Q1048","Q1066"
"61Z",2005,"M","S70","96B","Q1048","Q1066"
"7L2",2011,"F","2A8","96T","Q1021","Q1071"
"6L9",2011,"F","68J","96T","Q1050","Q1071"
"8Q7",2014,"F","38Z","96T","Q1083","Q1071"
"0R1",2014,"M","93Z","96Z","Q1053","Q1012"
"9Q2",2014,"F","03J","96Z","Q1053","Q1012"
"0O5",2013,"F","45Z","97V","Q1071","Q1012"
"9P2",2013,"F","30J","97V","Q1071","Q1012"
"1N0",2012,"F","7C4","97V","Q1071","Q1012"
"5N4",2012,"F","00V","97V","Q1071","Q1012"
"7L8",2011,"M","40Z","97V","Q1071","Q1012"
"5N6",2012,"F","31L","97V","Q1071","Q1012"
"0N3",2012,"F","1B0","97V","Q1071","Q1012"
"I137C4",2013,"F","7C4","97V","Q1071","Q1012"
"7K8",2011,"F","13B","97V","Q1071","Q1012"
"4O9",2013,"F","98J","97V","Q1048","Q1012"
"1R3",2014,"F","3A9","97V","Q1056","Q1012"
"3O4",2013,"F","49V","97Z","Q1056","Q1012"
"7Q6",2014,"F","5A1","97Z","Q1083","Q1012"
"5P5",2013,"F","60R","97Z","Q1053","Q1012"
"6M7",2012,"F","6D9","97Z","Q1056","Q1012"
"8O3",2013,"F","3F5","97Z","Q1056","Q1012"
"I1319A",2013,"M","19A","97Z","Q1056","Q1012"
"I116D4",2011,"M","6D4","97Z","Q1056","Q1012"
"7Q1",2014,"M","3G2","97Z","Q1083","Q1012"
"1O7",2013,"F","21H","97Z","Q1053","Q1012"
"4M4",2012,"F","25P","97Z","Q1056","Q1012"
"2M3",2012,"M","3F7","97Z","Q1056","Q1012"
"1K1",2010,"F","31L","98K","Q1071","Q1012"
"2I0",2010,"M","30J","98K","Q1071","Q1012"
"8N2",2012,"M","T03","98K","Q1071","Q1012"
"0N7",2012,"F","30J","98K","Q1071","Q1012"
"5N3",2012,"F","52Z","98K","Q1071","Q1012"
"0N1",2012,"M","81E","98K","Q1071","Q1012"
"4O6",2013,"M","13H","98K","Q1071","Q1012"
"8Q2",2014,"M","7A9","98Z","Q1083","Q1012"
"3D2",2007,"M","50K","99L","Q1012","Q1021"
"6K6",2011,"F","60R","99L","Q1053","Q1021"
"7C7",2007,"M","56A","99L","Q1050","Q1021"
"3C9",2006,"M","35N","99L","Q1050","Q1021"
"0D3",2007,"M","10S","99L","Q1050","Q1021"
"0C2",2006,"F","60P","99L","Q1050","Q1021"
"8K3",2011,"F","53E","99L","Q1056","Q1021"
"9Q6",2014,"M","1E2","99L","Q1053","Q1021"
"8C9",2007,"M","59F","99L","Q1066","Q1021"
"2E0",2007,"F","X83","99L","Q1012","Q1021"
"8B2",2006,"M","61A","99L","Q1050","Q1021"
"3F3",2008,"M","38E","99L","Q1066","Q1021"
"5F3",2008,"F","54B","99L","Q1012","Q1021"
"5P3",2013,"M","70T","99V","Q1083","Q1012"
"6M8",2012,"M","3B8","9A1","Q1083","Q1012"
"8N7",2012,"F","0E7","9A1","Q1050","Q1012"
"6N4",2012,"F","22H","9A2","Q1046","Q1056"
"2M2",2012,"F","76J","9A2","Q1053","Q1056"
"I13V72",2013,"M","V72","9A2","Q1053","Q1056"
"3N3",2012,"F","48V","9A9","Q1046","Q1021"
"3P1",2013,"M","80S","9A9","Q1056","Q1021"
"4L3",2011,"F","94S","9A9","Q1056","Q1021"
"8L2",2011,"M","62S","9A9","Q1046","Q1021"
"8K2",2011,"M","5D4","9A9","Q1046","Q1021"
"3R7",2014,"M","6H6","9C6","Q1046","Q1083"
"2S6",2014,"M","4J3","9C6","Q1046","Q1083"
"5R9",2014,"M","2E9","9C6","Q1053","Q1083"
"2Q2",2014,"F","9I5","9C6","Q1048","Q1083"
"7Q5",2014,"M","4I3","9C8","Q1083","Q1056"
"6Q1",2014,"M","2J2","9D1","Q1053","Q1012"
"0R0",2014,"F","9C2","9D1","Q1053","Q1012"
"8R2",2014,"M","3E2","9D1","Q1050","Q1012"
"0R8",2014,"M","5G9","9D1","Q1050","Q1012"
"7R4",2014,"M","4C2","9D1","Q1053","Q1012"
"7P7",2013,"F","64P","9D1","Q1050","Q1012"
"6R6",2014,"F","2A5","9D1","Q1050","Q1012"
"2S9",2014,"F","0A9","9D1","Q1053","Q1012"
"7R8",2014,"M","28J","9D1","Q1050","Q1012"
"1S0",2014,"F","8J6","9D1","Q1050","Q1012"
"6P3",2013,"M","03J","9D1","Q1053","Q1012"
"6Q6",2014,"M","62V","9D1","Q1053","Q1012"
"6R7",2014,"F","8F3","9E5","Q1050","Q1048"
"6Q3",2014,"M","1C0","9E5","Q1021","Q1048"
"8R1",2014,"M","7B7","9E5","Q1021","Q1048"
"1A8",2005,"M","52P","H90","Q1050","Q1066"
"6B9",2006,"F","X28","J21","Q1012","Q1019"
"I0559F",2005,"M","59F","J21","Q1066","Q1019"
"8B9",2006,"F","J91","K32","Q1021","Q1046"
"9G1",2009,"F","16Z","K85","Q1012","Q1083"
"8A0",2005,"F","37P","L01","Q1012","Q1083"
"5A1",2005,"F","I56","L34","Q1083","Q1021"
"9A8",2005,"F","Z11","L64","Q1050","Q1071"
"8D1",2007,"M","60P","L83","Q1050","Q1056"
"5G2",2009,"M","60P","L83","Q1050","Q1056"
"4A3",2005,"F","96A","L83","Q1012","Q1056"
"I0554B",2005,"M","54B","L83","Q1012","Q1056"
"6E3",2008,"F","50S","L83","Q1021","Q1056"
"7A9",2005,"F","74K","N60","Q1083","Q1083"
"6A9",2005,"M","29I","O15","Q1083","Q1056"
"4A1",2005,"F","N40","O15","Q1012","Q1056"
"94Z",2005,"M","95A","O15","Q1066","Q1056"
"4A6",2005,"M","76D","O15","Q1066","Q1056"
"6F1",2008,"M","77G","O15","Q1066","Q1056"
"6G7",2009,"M","59F","O15","Q1066","Q1056"
"I08T95",2008,"M","T95","O15","Q1066","Q1056"
"4B2",2006,"F","95A","O15","Q1066","Q1056"
"5B2",2006,"M","07L","O15","Q1066","Q1056"
"I05X34",2005,"M","X34","O15","Q1083","Q1056"
"6J8",2010,"F","X91","O15","Q1066","Q1056"
"2C3",2006,"F","R75","S76","Q1053","Q1066"
"6F0",2008,"M","74K","S81","Q1083","Q1012"
"75Z",2005,"F","Z51","S81","Q1053","Q1012"
"9B8",2006,"F","02G","S81","Q1056","Q1012"
"66Z",2005,"M","L84","S81","Q1056","Q1012"
"9C8",2007,"M","19A","S81","Q1056","Q1012"
"6C5",2006,"F","90P","T53","Q1021","Q1083"
"5G4",2009,"M","61J","T53","Q1021","Q1083"
"60Z",2005,"F","99N","T53","Q1053","Q1083"
"4M0",2012,"M","6D8","T82","Q1012","Q1083"
"1I3",2010,"F","4C4","T82","Q1071","Q1083"
"0E2",2007,"F","02T","T82","Q1012","Q1083"
"4H1",2009,"F","4A3","T82","Q1012","Q1083"
"0K1",2010,"M","4C9","T82","Q1071","Q1083"
"3C5",2006,"F","34N","T82","Q1021","Q1083"
"68Z",2005,"M","55J","T82","Q1056","Q1083"
"5C8",2006,"F","93O","T88","Q1056","Q1050"
"1B4",2006,"F","74K","T88","Q1083","Q1050"
"4C0",2006,"M","62R","T88","Q1053","Q1050"
"0N4",2012,"F","53Z","T88","Q1071","Q1050"
"2C7",2006,"F","V72","V45","Q1053","Q1053"
"2C1",2006,"F","22H","V45","Q1046","Q1053"
"6B1",2006,"M","13A","V45","Q1048","Q1053"
"59Z",2005,"F","R65","V45","Q1050","Q1053"
"3A8",2005,"F","77G","V92","Q1066","Q1053"
"3D8",2007,"F","25N","X48","Q1071","Q1050"
"5C2",2006,"F","74B","X48","Q1012","Q1050"
"9B2",2006,"M","N12","X58","Q1050","Q1083"
"0B1",2005,"M","93O","X58","Q1056","Q1083"
"8A8",2005,"F","07A","X58","Q1053","Q1083"
"9P9",2013,"F","3F6","X58","Q1056","Q1083"
"I133H0",2013,"F","3H0","X80","Q1071","Q1012"
"77Z",2005,"F","X17","X80","Q1050","Q1012"
"5L4",2011,"M","3D1","X80","Q1083","Q1012"
"7I3",2010,"F","3A7","X81","Q1012","Q1083"
"83Z",2005,"F","58N","X81","Q1056","Q1083"
"0A6",2005,"M","14I","Z10","Q1050","Q1056"
"8B8",2006,"M","17C","Z10","Q1050","Q1056"
"7D5",2007,"F","11N","Z10","Q1053","Q1056"
"5C6",2006,"F","31L","Z46","Q1071","Q1021"
"9A6",2005,"F","N16","Z46","Q1083","Q1021"
"5A0",2005,"F","84N","Z46","Q1083","Q1021"
"3A3",2005,"M","35F","Z71","Q1012","Q1083"
"3A7",2005,"F","O33","Z71","Q1012","Q1083"
"4B9",2006,"M","O33","Z71","Q1012","Q1083"
"9A1",2005,"M","X83","Z71","Q1012","Q1083"
"5C5",2006,"M","K28","Z71","Q1012","Q1083"
"7D0",2007,"F","74B","Z71","Q1012","Q1083"
